freq_aligo,totalnoise_aligo,totalnoise_baseline,totalnoise_best
1.26491e+00,4.25988e-08,2.72079e-07,3.57481e-12
1.27896e+00,4.16434e-08,2.44829e-07,3.46944e-12
1.29316e+00,4.07399e-08,2.21540e-07,3.41921e-12
1.30752e+00,3.98297e-08,2.01390e-07,3.28975e-12
1.32204e+00,3.89542e-08,1.83852e-07,3.27548e-12
1.33672e+00,3.81195e-08,1.68442e-07,3.22295e-12
1.35156e+00,3.72893e-08,1.54861e-07,3.11012e-12
1.36657e+00,3.64718e-08,1.42794e-07,3.10696e-12
1.38174e+00,3.56675e-08,1.32016e-07,3.04009e-12
1.39709e+00,3.49028e-08,1.22337e-07,3.04215e-12
1.41260e+00,3.41270e-08,1.13630e-07,2.97696e-12
1.42828e+00,3.33927e-08,1.05788e-07,2.93564e-12
1.44414e+00,3.26495e-08,9.86544e-08,2.95815e-12
1.46018e+00,3.19311e-08,9.21791e-08,2.93694e-12
1.47639e+00,3.12326e-08,8.62636e-08,2.86992e-12
1.49279e+00,3.05555e-08,8.08537e-08,2.86811e-12
1.50936e+00,2.98876e-08,7.59045e-08,2.88703e-12
1.52612e+00,2.92322e-08,7.13563e-08,2.83628e-12
1.54307e+00,2.85979e-08,6.71682e-08,2.85050e-12
1.56021e+00,2.79689e-08,6.33010e-08,2.84073e-12
1.57753e+00,2.73601e-08,5.97279e-08,2.82879e-12
1.59505e+00,2.67610e-08,5.64150e-08,2.81318e-12
1.61276e+00,2.61751e-08,5.33532e-08,2.80533e-12
1.63067e+00,2.56005e-08,5.05127e-08,2.79539e-12
1.64877e+00,2.50426e-08,4.78558e-08,2.77125e-12
1.66708e+00,2.44943e-08,4.53894e-08,2.77613e-12
1.68559e+00,2.39577e-08,4.30913e-08,2.77717e-12
1.70431e+00,2.34364e-08,4.09453e-08,2.77499e-12
1.72324e+00,2.29242e-08,3.89348e-08,2.75721e-12
1.74237e+00,2.24218e-08,3.70557e-08,2.75802e-12
1.76172e+00,2.19326e-08,3.52960e-08,2.74337e-12
1.78128e+00,2.14524e-08,3.36429e-08,2.74602e-12
1.80106e+00,2.09833e-08,3.20962e-08,2.75574e-12
1.82106e+00,2.05249e-08,3.06412e-08,2.76048e-12
1.84128e+00,2.00778e-08,2.92698e-08,2.73797e-12
1.86173e+00,1.96375e-08,2.79816e-08,2.73247e-12
1.88240e+00,1.92081e-08,2.67657e-08,2.72187e-12
1.90330e+00,1.87893e-08,2.56214e-08,2.74408e-12
1.92444e+00,1.83773e-08,2.45381e-08,2.73917e-12
1.94580e+00,1.79760e-08,2.35190e-08,2.73924e-12
1.96741e+00,1.75835e-08,2.25532e-08,2.73865e-12
1.98926e+00,1.71988e-08,2.16401e-08,2.73743e-12
2.01135e+00,1.68223e-08,2.07764e-08,2.73571e-12
2.03368e+00,1.64551e-08,1.99570e-08,2.73255e-12
2.05626e+00,1.60955e-08,1.91802e-08,2.74497e-12
2.07910e+00,1.57438e-08,1.84438e-08,2.73325e-12
2.10218e+00,1.53994e-08,1.77448e-08,2.74813e-12
2.12553e+00,1.50633e-08,1.70803e-08,2.74966e-12
2.14913e+00,1.47341e-08,1.64491e-08,2.75473e-12
2.17299e+00,1.44120e-08,1.58483e-08,2.74620e-12
2.19712e+00,1.40971e-08,1.52764e-08,2.75731e-12
2.22152e+00,1.37890e-08,1.47322e-08,2.76005e-12
2.24619e+00,1.34878e-08,1.42134e-08,2.77628e-12
2.27113e+00,1.31928e-08,1.37183e-08,2.77526e-12
2.29635e+00,1.29047e-08,1.32462e-08,2.77593e-12
2.32185e+00,1.26226e-08,1.27954e-08,2.78382e-12
2.34763e+00,1.23469e-08,1.23650e-08,2.78189e-12
2.37370e+00,1.20768e-08,1.19530e-08,2.78658e-12
2.40005e+00,1.18132e-08,1.15596e-08,2.79195e-12
2.42670e+00,1.15550e-08,1.11830e-08,2.80053e-12
2.45365e+00,1.13024e-08,1.08221e-08,2.80638e-12
2.48090e+00,1.10555e-08,1.04771e-08,2.81181e-12
2.50844e+00,1.08139e-08,1.01460e-08,2.81095e-12
2.53630e+00,1.05777e-08,9.82865e-09,2.82332e-12
2.56446e+00,1.03466e-08,9.52414e-09,2.83419e-12
2.59294e+00,1.01205e-08,9.23151e-09,2.83758e-12
2.62173e+00,9.89935e-09,8.95096e-09,2.85014e-12
2.65084e+00,9.68308e-09,8.68124e-09,2.85435e-12
2.68028e+00,9.47151e-09,8.42189e-09,2.86260e-12
2.71004e+00,9.26457e-09,8.17268e-09,2.86871e-12
2.74013e+00,9.06216e-09,7.93277e-09,2.87511e-12
2.77056e+00,8.86415e-09,7.70172e-09,2.88840e-12
2.80132e+00,8.67050e-09,7.47930e-09,2.89673e-12
2.83243e+00,8.48104e-09,7.26500e-09,2.90666e-12
2.86388e+00,8.29576e-09,7.05867e-09,2.92057e-12
2.89568e+00,8.11452e-09,6.85969e-09,2.92779e-12
2.92784e+00,7.93724e-09,6.67605e-09,2.93641e-12
2.96035e+00,7.76384e-09,6.48223e-09,2.94725e-12
2.99322e+00,7.59423e-09,6.30294e-09,2.95828e-12
3.02646e+00,7.42830e-09,6.13026e-09,2.97026e-12
3.06006e+00,7.26602e-09,5.96319e-09,2.98330e-12
3.09404e+00,7.10729e-09,5.80182e-09,2.99738e-12
3.12840e+00,6.95203e-09,5.64582e-09,3.01042e-12
3.16314e+00,6.80015e-09,5.49492e-09,3.02377e-12
3.19826e+00,6.65159e-09,5.34895e-09,3.03889e-12
3.23377e+00,6.50629e-09,5.20766e-09,3.05349e-12
3.26968e+00,6.36416e-09,5.07091e-09,3.06902e-12
3.30599e+00,6.22513e-09,4.93846e-09,3.08601e-12
3.34270e+00,6.08915e-09,4.81016e-09,3.10138e-12
3.37982e+00,5.95614e-09,4.68586e-09,3.12013e-12
3.41735e+00,5.82602e-09,4.56537e-09,3.13758e-12
3.45529e+00,5.69876e-09,4.44854e-09,3.15721e-12
3.49366e+00,5.57428e-09,4.33525e-09,3.17646e-12
3.53246e+00,5.45252e-09,4.22536e-09,3.19847e-12
3.57168e+00,5.33341e-09,4.11872e-09,3.22014e-12
3.61134e+00,5.21691e-09,4.01523e-09,3.24337e-12
3.65144e+00,5.10296e-09,3.91477e-09,3.26740e-12
3.69199e+00,4.99150e-09,3.81722e-09,3.29321e-12
3.73298e+00,4.88247e-09,3.72248e-09,3.32023e-12
3.77444e+00,4.77582e-09,3.63044e-09,3.34920e-12
3.81635e+00,4.67151e-09,3.54102e-09,3.37976e-12
3.85873e+00,4.56947e-09,3.45411e-09,3.41130e-12
3.90157e+00,4.46966e-09,3.36963e-09,3.44603e-12
3.94490e+00,4.37204e-09,3.28750e-09,3.48243e-12
3.98870e+00,4.27655e-09,3.20763e-09,3.52128e-12
4.03299e+00,4.18314e-09,3.12996e-09,3.56294e-12
4.07778e+00,4.09178e-09,3.05440e-09,3.60748e-12
4.12306e+00,4.00241e-09,2.98088e-09,3.65583e-12
4.16884e+00,3.91500e-09,2.90934e-09,3.70718e-12
4.21513e+00,3.82949e-09,2.83972e-09,3.76382e-12
4.26193e+00,3.74585e-09,2.77195e-09,3.82453e-12
4.30926e+00,3.66405e-09,2.70597e-09,3.89068e-12
4.35711e+00,3.58402e-09,2.64172e-09,3.96295e-12
4.40549e+00,3.50575e-09,2.57916e-09,4.04206e-12
4.45441e+00,3.42919e-09,2.51822e-09,4.12968e-12
4.50387e+00,3.35430e-09,2.45887e-09,4.22636e-12
4.55389e+00,3.28105e-09,2.40104e-09,4.33370e-12
4.60445e+00,3.20939e-09,2.34470e-09,4.45341e-12
4.65558e+00,3.13931e-09,2.28979e-09,4.58816e-12
4.70728e+00,3.07075e-09,2.23628e-09,4.74062e-12
4.75955e+00,3.00369e-09,2.18413e-09,4.91421e-12
4.81240e+00,2.93810e-09,2.13329e-09,5.11343e-12
4.86583e+00,2.87394e-09,2.08373e-09,5.34455e-12
4.91987e+00,2.81118e-09,2.03541e-09,5.61532e-12
4.97450e+00,2.74980e-09,1.98829e-09,5.93641e-12
5.02973e+00,2.68975e-09,1.94234e-09,6.32287e-12
5.08558e+00,2.63102e-09,1.89752e-09,6.79626e-12
5.14206e+00,2.57357e-09,1.85381e-09,7.38895e-12
5.19915e+00,2.51737e-09,1.81118e-09,8.15070e-12
5.25689e+00,2.46241e-09,1.76959e-09,9.16477e-12
5.31526e+00,2.40864e-09,1.72901e-09,1.05772e-11
5.37428e+00,2.35605e-09,1.68942e-09,1.26771e-11
5.43396e+00,2.30461e-09,1.65078e-09,1.61174e-11
5.49430e+00,2.25429e-09,1.61309e-09,2.27648e-11
5.55531e+00,2.20507e-09,1.57630e-09,4.09430e-11
5.61699e+00,2.15693e-09,1.54039e-09,2.90045e-10
5.67936e+00,2.10984e-09,1.50535e-09,5.19953e-11
5.74243e+00,2.06378e-09,1.47114e-09,2.29236e-11
5.80619e+00,2.01872e-09,1.43775e-09,1.43034e-11
5.87067e+00,1.97465e-09,1.40515e-09,1.01785e-11
5.93585e+00,1.93154e-09,1.37333e-09,7.76579e-12
6.00177e+00,1.88937e-09,1.34226e-09,6.18673e-12
6.06841e+00,1.84813e-09,1.31192e-09,5.07622e-12
6.13579e+00,1.80779e-09,1.28230e-09,4.25543e-12
6.20393e+00,1.76832e-09,1.25338e-09,3.62630e-12
6.27282e+00,1.72972e-09,1.22514e-09,3.13069e-12
6.34247e+00,1.69197e-09,1.19755e-09,2.73190e-12
6.41290e+00,1.65504e-09,1.17061e-09,2.40562e-12
6.48411e+00,1.61891e-09,1.14431e-09,2.13513e-12
6.55611e+00,1.58358e-09,1.11861e-09,1.90853e-12
6.62891e+00,1.54901e-09,1.09351e-09,1.71713e-12
6.70252e+00,1.51520e-09,1.06899e-09,1.55443e-12
6.77694e+00,1.48214e-09,1.04505e-09,1.41547e-12
6.85219e+00,1.44979e-09,1.02165e-09,1.29638e-12
6.92828e+00,1.41815e-09,9.98799e-10,1.19409e-12
7.00521e+00,1.38720e-09,9.76473e-10,1.10613e-12
7.08300e+00,1.35693e-09,9.54662e-10,1.03048e-12
7.16165e+00,1.32732e-09,9.33352e-10,9.65465e-13
7.24117e+00,1.29835e-09,9.12531e-10,9.09656e-13
7.32158e+00,1.27002e-09,8.92189e-10,8.61841e-13
7.40288e+00,1.24231e-09,8.72312e-10,8.20971e-13
7.48508e+00,1.21521e-09,8.52890e-10,7.86131e-13
7.56820e+00,1.18869e-09,8.33912e-10,7.56516e-13
7.65224e+00,1.16276e-09,8.15368e-10,7.31421e-13
7.73721e+00,1.13739e-09,7.97246e-10,7.10221e-13
7.82312e+00,1.11258e-09,7.79537e-10,6.92369e-13
7.90999e+00,1.08831e-09,7.62231e-10,6.77381e-13
7.99783e+00,1.06457e-09,7.45318e-10,6.64837e-13
8.08663e+00,1.04135e-09,7.28790e-10,6.54370e-13
8.17643e+00,1.01863e-09,7.12636e-10,6.45661e-13
8.26722e+00,9.96417e-10,6.96849e-10,6.38437e-13
8.35902e+00,9.74685e-10,6.81419e-10,6.32462e-13
8.45184e+00,9.53428e-10,6.66338e-10,6.27535e-13
8.54569e+00,9.32636e-10,6.51598e-10,6.23484e-13
8.64058e+00,9.12299e-10,6.37192e-10,6.20164e-13
8.73653e+00,8.92406e-10,6.23110e-10,6.17452e-13
8.83354e+00,8.72948e-10,6.09346e-10,6.15244e-13
8.93163e+00,8.53915e-10,5.95892e-10,6.13453e-13
9.03081e+00,8.35299e-10,5.82741e-10,6.12005e-13
9.13109e+00,8.17089e-10,5.69886e-10,6.10839e-13
9.23248e+00,7.99277e-10,5.57321e-10,6.09903e-13
9.33500e+00,7.81855e-10,5.45038e-10,6.09155e-13
9.43866e+00,7.64814e-10,5.33030e-10,6.08557e-13
9.54346e+00,7.48146e-10,5.21293e-10,6.08080e-13
9.64944e+00,7.31842e-10,5.09819e-10,6.07700e-13
9.75658e+00,7.15894e-10,4.98602e-10,6.07395e-13
9.86492e+00,7.00295e-10,4.87637e-10,6.07148e-13
9.97446e+00,6.85038e-10,4.76917e-10,6.06944e-13
1.00852e+01,6.70114e-10,4.66438e-10,6.06772e-13
1.01972e+01,6.55516e-10,4.56193e-10,6.06621e-13
1.03104e+01,6.41238e-10,4.46177e-10,6.06485e-13
1.04249e+01,6.27272e-10,4.36386e-10,6.06355e-13
1.05407e+01,6.13612e-10,4.26814e-10,6.06227e-13
1.06577e+01,6.00250e-10,4.17455e-10,6.06095e-13
1.07761e+01,5.87181e-10,4.08306e-10,6.05957e-13
1.08957e+01,5.74398e-10,3.99361e-10,6.05809e-13
1.10167e+01,5.61894e-10,3.90617e-10,6.05648e-13
1.11391e+01,5.49664e-10,3.82067e-10,6.05474e-13
1.12627e+01,5.37702e-10,3.73708e-10,6.05283e-13
1.13878e+01,5.26002e-10,3.65536e-10,6.05076e-13
1.15143e+01,5.14557e-10,3.57547e-10,6.04851e-13
1.16421e+01,5.03363e-10,3.49735e-10,6.04608e-13
1.17714e+01,4.92415e-10,3.42099e-10,6.04346e-13
1.19021e+01,4.81706e-10,3.34632e-10,6.04064e-13
1.20343e+01,4.71231e-10,3.27332e-10,6.03763e-13
1.21679e+01,4.60986e-10,3.20195e-10,6.03443e-13
1.23030e+01,4.50965e-10,3.13217e-10,6.03103e-13
1.24396e+01,4.41164e-10,3.06395e-10,6.02745e-13
1.25778e+01,4.31577e-10,2.99725e-10,6.02367e-13
1.27174e+01,4.22201e-10,2.93203e-10,6.01971e-13
1.28586e+01,4.13030e-10,2.86828e-10,6.01556e-13
1.30014e+01,4.04059e-10,2.80594e-10,6.01124e-13
1.31458e+01,3.95286e-10,2.74499e-10,6.00674e-13
1.32918e+01,3.86705e-10,2.68541e-10,6.00208e-13
1.34394e+01,3.78312e-10,2.62715e-10,5.99725e-13
1.35886e+01,3.70103e-10,2.57019e-10,5.99227e-13
1.37395e+01,3.62074e-10,2.51451e-10,5.98713e-13
1.38920e+01,3.54221e-10,2.46007e-10,5.98185e-13
1.40463e+01,3.46541e-10,2.40684e-10,5.97643e-13
1.42023e+01,3.39029e-10,2.35480e-10,5.97088e-13
1.43600e+01,3.31682e-10,2.30392e-10,5.96520e-13
1.45194e+01,3.24497e-10,2.25418e-10,5.95941e-13
1.46807e+01,3.17469e-10,2.20555e-10,5.95351e-13
1.48437e+01,3.10595e-10,2.15801e-10,5.94750e-13
1.50085e+01,3.03873e-10,2.11153e-10,5.94140e-13
1.51752e+01,2.97298e-10,2.06608e-10,5.93522e-13
1.53437e+01,2.90868e-10,2.02166e-10,5.92895e-13
1.55140e+01,2.84579e-10,1.97823e-10,5.92262e-13
1.56863e+01,2.78429e-10,1.93577e-10,5.91622e-13
1.58605e+01,2.72414e-10,1.89426e-10,5.90977e-13
1.60366e+01,2.66531e-10,1.85368e-10,5.90327e-13
1.62147e+01,2.60778e-10,1.81401e-10,5.89674e-13
1.63947e+01,2.55151e-10,1.77523e-10,5.89018e-13
1.65768e+01,2.49649e-10,1.73732e-10,5.88361e-13
1.67608e+01,2.44268e-10,1.70026e-10,5.87702e-13
1.69470e+01,2.39005e-10,1.66403e-10,5.87044e-13
1.71351e+01,2.33859e-10,1.62862e-10,5.86386e-13
1.73254e+01,2.28826e-10,1.59400e-10,5.85730e-13
1.75178e+01,2.23904e-10,1.56016e-10,5.85077e-13
1.77123e+01,2.19092e-10,1.52709e-10,5.84428e-13
1.79090e+01,2.14385e-10,1.49475e-10,5.83784e-13
1.81079e+01,2.09783e-10,1.46315e-10,5.83145e-13
1.83089e+01,2.05282e-10,1.43226e-10,5.82513e-13
1.85122e+01,2.00881e-10,1.40207e-10,5.81889e-13
1.87178e+01,1.96578e-10,1.37256e-10,5.81273e-13
1.89256e+01,1.92369e-10,1.34372e-10,5.80667e-13
1.91358e+01,1.88255e-10,1.31554e-10,5.80072e-13
1.93483e+01,1.84231e-10,1.28799e-10,5.79488e-13
1.95631e+01,1.80297e-10,1.26106e-10,5.78917e-13
1.97804e+01,1.76451e-10,1.23475e-10,5.78359e-13
2.00000e+01,1.72690e-10,1.20904e-10,5.77816e-13
2.02221e+01,1.69013e-10,1.18391e-10,5.77289e-13
2.04466e+01,1.65417e-10,1.15936e-10,5.76778e-13
2.06737e+01,1.61902e-10,1.13537e-10,5.76284e-13
2.09032e+01,1.58466e-10,1.11193e-10,5.75810e-13
2.11353e+01,1.55106e-10,1.08902e-10,5.75355e-13
2.13700e+01,1.51821e-10,1.06664e-10,5.74920e-13
2.16073e+01,1.48610e-10,1.04477e-10,5.74507e-13
2.18473e+01,1.45471e-10,1.02341e-10,5.74116e-13
2.20899e+01,1.42402e-10,1.00254e-10,5.73749e-13
2.23351e+01,1.39402e-10,9.82156e-11,5.73406e-13
2.25832e+01,1.36470e-10,9.62241e-11,5.73089e-13
2.28339e+01,1.33604e-10,9.42788e-11,5.72797e-13
2.30875e+01,1.30802e-10,9.23787e-11,5.72533e-13
2.33438e+01,1.28064e-10,9.05229e-11,5.72298e-13
2.36031e+01,1.25388e-10,8.87104e-11,5.72091e-13
2.38651e+01,1.22772e-10,8.69404e-11,5.71913e-13
2.41301e+01,1.20215e-10,8.52118e-11,5.71767e-13
2.43981e+01,1.17717e-10,8.35240e-11,5.71652e-13
2.46690e+01,1.15276e-10,8.18759e-11,5.71570e-13
2.49429e+01,1.12890e-10,8.02667e-11,5.71520e-13
2.52199e+01,1.10558e-10,7.86958e-11,5.71505e-13
2.55000e+01,1.08280e-10,7.71621e-11,5.71524e-13
2.57831e+01,1.06055e-10,7.56650e-11,5.71579e-13
2.60694e+01,1.03880e-10,7.42037e-11,5.71669e-13
2.63589e+01,1.01755e-10,7.27775e-11,5.71797e-13
2.66516e+01,9.96796e-11,7.13856e-11,5.71961e-13
2.69475e+01,9.76519e-11,7.00272e-11,5.72164e-13
2.72467e+01,9.56712e-11,6.87018e-11,5.72405e-13
2.75493e+01,9.37365e-11,6.74086e-11,5.72684e-13
2.78552e+01,9.18468e-11,6.61469e-11,5.73003e-13
2.81645e+01,9.00012e-11,6.49162e-11,5.73362e-13
2.84773e+01,8.81987e-11,6.37156e-11,5.73761e-13
2.87935e+01,8.64385e-11,6.25447e-11,5.74200e-13
2.91132e+01,8.47197e-11,6.14028e-11,5.74680e-13
2.94365e+01,8.30414e-11,6.02894e-11,5.75201e-13
2.97633e+01,8.14028e-11,5.92037e-11,5.75763e-13
3.00938e+01,7.98030e-11,5.81453e-11,5.76365e-13
3.04280e+01,7.82413e-11,5.71135e-11,5.77009e-13
3.07659e+01,7.67168e-11,5.61079e-11,5.77693e-13
3.11075e+01,7.52288e-11,5.51278e-11,5.78418e-13
3.14529e+01,7.37766e-11,5.41728e-11,5.79184e-13
3.18022e+01,7.23593e-11,5.32424e-11,5.79990e-13
3.21553e+01,7.09762e-11,5.23360e-11,5.80836e-13
3.25124e+01,6.96267e-11,5.14530e-11,5.81721e-13
3.28734e+01,6.83099e-11,5.05932e-11,5.82646e-13
3.32384e+01,6.70254e-11,4.97559e-11,5.83608e-13
3.36075e+01,6.57722e-11,4.89406e-11,5.84608e-13
3.39807e+01,6.45499e-11,4.81470e-11,5.85645e-13
3.43580e+01,6.33578e-11,4.73746e-11,5.86718e-13
3.47395e+01,6.21951e-11,4.66229e-11,5.87826e-13
3.51253e+01,6.10613e-11,4.58915e-11,5.88968e-13
3.55153e+01,5.99558e-11,4.51799e-11,5.90143e-13
3.59097e+01,5.88780e-11,4.44878e-11,5.91349e-13
3.63084e+01,5.78273e-11,4.38148e-11,5.92586e-13
3.67116e+01,5.68030e-11,4.31604e-11,5.93852e-13
3.71193e+01,5.58047e-11,4.25242e-11,5.95145e-13
3.75314e+01,5.48317e-11,4.19058e-11,5.96465e-13
3.79482e+01,5.38836e-11,4.13049e-11,5.97809e-13
3.83696e+01,5.29597e-11,4.07211e-11,5.99175e-13
3.87956e+01,5.20595e-11,4.01540e-11,6.00563e-13
3.92264e+01,5.11825e-11,3.96032e-11,6.01969e-13
3.96620e+01,5.03282e-11,3.90684e-11,6.03393e-13
4.01024e+01,4.94961e-11,3.85492e-11,6.04832e-13
4.05477e+01,4.86856e-11,3.80453e-11,6.06285e-13
4.09980e+01,4.78963e-11,3.75563e-11,6.07749e-13
4.14532e+01,4.71276e-11,3.70820e-11,6.09222e-13
4.19135e+01,4.63792e-11,3.66218e-11,6.10702e-13
4.23789e+01,4.56505e-11,3.61757e-11,6.12187e-13
4.28495e+01,4.49410e-11,3.57431e-11,6.13675e-13
4.33253e+01,4.42504e-11,3.53238e-11,6.15164e-13
4.38064e+01,4.35781e-11,3.49175e-11,6.16651e-13
4.42928e+01,4.29237e-11,3.45238e-11,6.18135e-13
4.47847e+01,4.22867e-11,3.41425e-11,6.19613e-13
4.52819e+01,4.16668e-11,3.37732e-11,6.21083e-13
4.57848e+01,4.10635e-11,3.34157e-11,6.22543e-13
4.62932e+01,4.04764e-11,3.30697e-11,6.23990e-13
4.68072e+01,3.99050e-11,3.27348e-11,6.25424e-13
4.73270e+01,3.93491e-11,3.24108e-11,6.26841e-13
4.78525e+01,3.88081e-11,3.20975e-11,6.28241e-13
4.83838e+01,3.82817e-11,3.17944e-11,6.29620e-13
4.89211e+01,3.77695e-11,3.15014e-11,6.30977e-13
4.94643e+01,3.72712e-11,3.12182e-11,6.32311e-13
5.00136e+01,3.67863e-11,3.09444e-11,6.33620e-13
5.05689e+01,3.63145e-11,3.06800e-11,6.34902e-13
5.11305e+01,3.58555e-11,3.04245e-11,6.36156e-13
5.16982e+01,3.54089e-11,3.01778e-11,6.37381e-13
5.22723e+01,3.49743e-11,2.99396e-11,6.38574e-13
5.28527e+01,3.45515e-11,2.97097e-11,6.39735e-13
5.34396e+01,3.41401e-11,2.94877e-11,6.40864e-13
5.40330e+01,3.37398e-11,2.92736e-11,6.41958e-13
5.46330e+01,3.33503e-11,2.90670e-11,6.43017e-13
5.52397e+01,3.29713e-11,2.88677e-11,6.44040e-13
5.58530e+01,3.26025e-11,2.86755e-11,6.45027e-13
5.64732e+01,3.22436e-11,2.84901e-11,6.45977e-13
5.71003e+01,3.18944e-11,2.83115e-11,6.46889e-13
5.77344e+01,3.15545e-11,2.81393e-11,6.47764e-13
5.83755e+01,3.12237e-11,2.79733e-11,6.48601e-13
5.90237e+01,3.09018e-11,2.78134e-11,6.49399e-13
5.96791e+01,3.05886e-11,2.76594e-11,6.50160e-13
6.03418e+01,3.02836e-11,2.75110e-11,6.50882e-13
6.10118e+01,2.99869e-11,2.73681e-11,6.51566e-13
6.16893e+01,2.96981e-11,2.72305e-11,6.52212e-13
6.23743e+01,2.94169e-11,2.70981e-11,6.52821e-13
6.30669e+01,2.91433e-11,2.69705e-11,6.53392e-13
6.37672e+01,2.88769e-11,2.68478e-11,6.53927e-13
6.44753e+01,2.86177e-11,2.67296e-11,6.54426e-13
6.51912e+01,2.83653e-11,2.66159e-11,6.54889e-13
6.59151e+01,2.81197e-11,2.65066e-11,6.55317e-13
6.66470e+01,2.78806e-11,2.64013e-11,6.55711e-13
6.73871e+01,2.76478e-11,2.63001e-11,6.56071e-13
6.81354e+01,2.74213e-11,2.62027e-11,6.56398e-13
6.88920e+01,2.72008e-11,2.61091e-11,6.56693e-13
6.96569e+01,2.69862e-11,2.60190e-11,6.56958e-13
7.04304e+01,2.67773e-11,2.59324e-11,6.57192e-13
7.12125e+01,2.65740e-11,2.58491e-11,6.57396e-13
7.20032e+01,2.63761e-11,2.57690e-11,6.57572e-13
7.28028e+01,2.61835e-11,2.56921e-11,6.57721e-13
7.36112e+01,2.59961e-11,2.56181e-11,6.57843e-13
7.44286e+01,2.58137e-11,2.55469e-11,6.57939e-13
7.52550e+01,2.56363e-11,2.54786e-11,6.58011e-13
7.60907e+01,2.54636e-11,2.54128e-11,6.58059e-13
7.69356e+01,2.52956e-11,2.53497e-11,6.58084e-13
7.77899e+01,2.51321e-11,2.52890e-11,6.58087e-13
7.86537e+01,2.49731e-11,2.52307e-11,6.58070e-13
7.95271e+01,2.48183e-11,2.51746e-11,6.58032e-13
8.04102e+01,2.46679e-11,2.51207e-11,6.57976e-13
8.13030e+01,2.45215e-11,2.50690e-11,6.57901e-13
8.22058e+01,2.43791e-11,2.50193e-11,6.57809e-13
8.31187e+01,2.42406e-11,2.49715e-11,6.57701e-13
8.40416e+01,2.41060e-11,2.49255e-11,6.57578e-13
8.49748e+01,2.39751e-11,2.48814e-11,6.57439e-13
8.59184e+01,2.38478e-11,2.48390e-11,6.57287e-13
8.68724e+01,2.37240e-11,2.47983e-11,6.57122e-13
8.78371e+01,2.36037e-11,2.47592e-11,6.56945e-13
8.88124e+01,2.34867e-11,2.47216e-11,6.56756e-13
8.97986e+01,2.33730e-11,2.46855e-11,6.56556e-13
9.07958e+01,2.32625e-11,2.46508e-11,6.56346e-13
9.18040e+01,2.31551e-11,2.46174e-11,6.56127e-13
9.28234e+01,2.30508e-11,2.45854e-11,6.55899e-13
9.38541e+01,2.29493e-11,2.45546e-11,6.55662e-13
9.48963e+01,2.28508e-11,2.45251e-11,6.55419e-13
9.59500e+01,2.27551e-11,2.44966e-11,6.55168e-13
9.70154e+01,2.26620e-11,2.44693e-11,6.54911e-13
9.80927e+01,2.25717e-11,2.44431e-11,6.54648e-13
9.91819e+01,2.24839e-11,2.44179e-11,6.54380e-13
1.00283e+02,2.23986e-11,2.43937e-11,6.54107e-13
1.01397e+02,2.23158e-11,2.43704e-11,6.53829e-13
1.02523e+02,2.22354e-11,2.43481e-11,6.53548e-13
1.03661e+02,2.21573e-11,2.43266e-11,6.53263e-13
1.04812e+02,2.20814e-11,2.43059e-11,6.52975e-13
1.05976e+02,2.20077e-11,2.42861e-11,6.52685e-13
1.07153e+02,2.19362e-11,2.42670e-11,6.52392e-13
1.08343e+02,2.18667e-11,2.42487e-11,6.52097e-13
1.09546e+02,2.17993e-11,2.42311e-11,6.51801e-13
1.10762e+02,2.17338e-11,2.42141e-11,6.51503e-13
1.11992e+02,2.16702e-11,2.41978e-11,6.51205e-13
1.13236e+02,2.16084e-11,2.41822e-11,6.50906e-13
1.14493e+02,2.15485e-11,2.41672e-11,6.50606e-13
1.15764e+02,2.14903e-11,2.41527e-11,6.50307e-13
1.17050e+02,2.14338e-11,2.41388e-11,6.50007e-13
1.18350e+02,2.13790e-11,2.41254e-11,6.49708e-13
1.19664e+02,2.13257e-11,2.41126e-11,6.49410e-13
1.20992e+02,2.12740e-11,2.41002e-11,6.49113e-13
1.22336e+02,2.12238e-11,2.40884e-11,6.48816e-13
1.23694e+02,2.11751e-11,2.40770e-11,6.48521e-13
1.25068e+02,2.11278e-11,2.40660e-11,6.48228e-13
1.26457e+02,2.10819e-11,2.40554e-11,6.47936e-13
1.27861e+02,2.10373e-11,2.40453e-11,6.47646e-13
1.29281e+02,2.09940e-11,2.40355e-11,6.47358e-13
1.30716e+02,2.09520e-11,2.40261e-11,6.47072e-13
1.32168e+02,2.09112e-11,2.40171e-11,6.46788e-13
1.33635e+02,2.08716e-11,2.40084e-11,6.46507e-13
1.35119e+02,2.08331e-11,2.40000e-11,6.46228e-13
1.36620e+02,2.07958e-11,2.39920e-11,6.45952e-13
1.38137e+02,2.07595e-11,2.39843e-11,6.45679e-13
1.39671e+02,2.07243e-11,2.39768e-11,6.45409e-13
1.41221e+02,2.06901e-11,2.39697e-11,6.45142e-13
1.42790e+02,2.06569e-11,2.39628e-11,6.44878e-13
1.44375e+02,2.06247e-11,2.39562e-11,6.44617e-13
1.45978e+02,2.05934e-11,2.39498e-11,6.44359e-13
1.47599e+02,2.05629e-11,2.39437e-11,6.44105e-13
1.49238e+02,2.05334e-11,2.39378e-11,6.43855e-13
1.50895e+02,2.05047e-11,2.39321e-11,6.43607e-13
1.52571e+02,2.04768e-11,2.39266e-11,6.43364e-13
1.54265e+02,2.04498e-11,2.39214e-11,6.43124e-13
1.55978e+02,2.04235e-11,2.39163e-11,6.42888e-13
1.57710e+02,2.03979e-11,2.39115e-11,6.42656e-13
1.59461e+02,2.03731e-11,2.39068e-11,6.42427e-13
1.61232e+02,2.03490e-11,2.39023e-11,6.42203e-13
1.63022e+02,2.03255e-11,2.38980e-11,6.41982e-13
1.64833e+02,2.03027e-11,2.38938e-11,6.41766e-13
1.66663e+02,2.02806e-11,2.38898e-11,6.41553e-13
1.68514e+02,2.02591e-11,2.38859e-11,6.41344e-13
1.70385e+02,2.02382e-11,2.38822e-11,6.41140e-13
1.72277e+02,2.02179e-11,2.38786e-11,6.40939e-13
1.74190e+02,2.01981e-11,2.38752e-11,6.40743e-13
1.76124e+02,2.01789e-11,2.38719e-11,6.40551e-13
1.78080e+02,2.01602e-11,2.38687e-11,6.40363e-13
1.80057e+02,2.01420e-11,2.38657e-11,6.40179e-13
1.82056e+02,2.01244e-11,2.38627e-11,6.39999e-13
1.84078e+02,2.01072e-11,2.38599e-11,6.39823e-13
1.86122e+02,2.00905e-11,2.38572e-11,6.39651e-13
1.88189e+02,2.00742e-11,2.38546e-11,6.39484e-13
1.90278e+02,2.00584e-11,2.38521e-11,6.39321e-13
1.92391e+02,2.00431e-11,2.38497e-11,6.39162e-13
1.94528e+02,2.00281e-11,2.38473e-11,6.39007e-13
1.96688e+02,2.00135e-11,2.38451e-11,6.38856e-13
1.98872e+02,1.99994e-11,2.38430e-11,6.38709e-13
2.01080e+02,1.99856e-11,2.38409e-11,6.38566e-13
2.03313e+02,1.99722e-11,2.38390e-11,6.38427e-13
2.05570e+02,1.99591e-11,2.38371e-11,6.38293e-13
2.07853e+02,1.99464e-11,2.38353e-11,6.38162e-13
2.10161e+02,1.99340e-11,2.38335e-11,6.38035e-13
2.12495e+02,1.99220e-11,2.38319e-11,6.37913e-13
2.14854e+02,1.99103e-11,2.38303e-11,6.37794e-13
2.17240e+02,1.98989e-11,2.38287e-11,6.37679e-13
2.19652e+02,1.98877e-11,2.38273e-11,6.37568e-13
2.22091e+02,1.98769e-11,2.38259e-11,6.37461e-13
2.24558e+02,1.98664e-11,2.38245e-11,6.37357e-13
2.27051e+02,1.98561e-11,2.38232e-11,6.37258e-13
2.29572e+02,1.98461e-11,2.38220e-11,6.37162e-13
2.32121e+02,1.98363e-11,2.38209e-11,6.37069e-13
2.34699e+02,1.98268e-11,2.38197e-11,6.36981e-13
2.37305e+02,1.98176e-11,2.38187e-11,6.36896e-13
2.39940e+02,1.98086e-11,2.38177e-11,6.36814e-13
2.42605e+02,1.97998e-11,2.38167e-11,6.36736e-13
2.45298e+02,1.97912e-11,2.38158e-11,6.36662e-13
2.48022e+02,1.97829e-11,2.38149e-11,6.36591e-13
2.50776e+02,1.97747e-11,2.38141e-11,6.36524e-13
2.53561e+02,1.97668e-11,2.38134e-11,6.36459e-13
2.56377e+02,1.97590e-11,2.38126e-11,6.36399e-13
2.59223e+02,1.97515e-11,2.38119e-11,6.36341e-13
2.62102e+02,1.97442e-11,2.38113e-11,6.36287e-13
2.65012e+02,1.97370e-11,2.38107e-11,6.36236e-13
2.67955e+02,1.97300e-11,2.38101e-11,6.36188e-13
2.70930e+02,1.97232e-11,2.38096e-11,6.36143e-13
2.73939e+02,1.97165e-11,2.38091e-11,6.36101e-13
2.76981e+02,1.97100e-11,2.38087e-11,6.36063e-13
2.80056e+02,1.97037e-11,2.38082e-11,6.36027e-13
2.83166e+02,1.96975e-11,2.38079e-11,6.35994e-13
2.86310e+02,1.96915e-11,2.38075e-11,6.35964e-13
2.89490e+02,1.96856e-11,2.38072e-11,6.35937e-13
2.92704e+02,1.96799e-11,2.38069e-11,6.35913e-13
2.95954e+02,1.96743e-11,2.38067e-11,6.35892e-13
2.99241e+02,1.96689e-11,2.38065e-11,6.35874e-13
3.02563e+02,1.96635e-11,2.38063e-11,6.35858e-13
3.05923e+02,1.96583e-11,2.38061e-11,6.35845e-13
3.09320e+02,1.96533e-11,2.38060e-11,6.35835e-13
3.12755e+02,1.96483e-11,2.38059e-11,6.35827e-13
3.16228e+02,1.96435e-11,2.38058e-11,6.35822e-13
3.19739e+02,1.96388e-11,2.38058e-11,6.35819e-13
3.23290e+02,1.96342e-11,2.38058e-11,6.35819e-13
3.26879e+02,1.96297e-11,2.38058e-11,6.35822e-13
3.30509e+02,1.96253e-11,2.38059e-11,6.35827e-13
3.34179e+02,1.96210e-11,2.38059e-11,6.35835e-13
3.37890e+02,1.96169e-11,2.38060e-11,6.35845e-13
3.41642e+02,1.96128e-11,2.38062e-11,6.35857e-13
3.45436e+02,1.96088e-11,2.38063e-11,6.35872e-13
3.49271e+02,1.96049e-11,2.38065e-11,6.35889e-13
3.53150e+02,1.96011e-11,2.38067e-11,6.35908e-13
3.57071e+02,1.95975e-11,2.38070e-11,6.35930e-13
3.61036e+02,1.95938e-11,2.38072e-11,6.35954e-13
3.65045e+02,1.95903e-11,2.38075e-11,6.35980e-13
3.69099e+02,1.95869e-11,2.38078e-11,6.36009e-13
3.73197e+02,1.95835e-11,2.38082e-11,6.36040e-13
3.77341e+02,1.95803e-11,2.38085e-11,6.36073e-13
3.81531e+02,1.95771e-11,2.38089e-11,6.36108e-13
3.85768e+02,1.95740e-11,2.38093e-11,6.36145e-13
3.90051e+02,1.95709e-11,2.38097e-11,6.36185e-13
3.94382e+02,1.95680e-11,2.38102e-11,6.36227e-13
3.98762e+02,1.95651e-11,2.38107e-11,6.36270e-13
4.03190e+02,1.95622e-11,2.38112e-11,6.36316e-13
4.07667e+02,1.95595e-11,2.38117e-11,6.36364e-13
4.12193e+02,1.95568e-11,2.38123e-11,6.36414e-13
4.16771e+02,1.95542e-11,2.38129e-11,6.36467e-13
4.21398e+02,1.95516e-11,2.38135e-11,6.36521e-13
4.26078e+02,1.95491e-11,2.38141e-11,6.36577e-13
4.30809e+02,1.95467e-11,2.38147e-11,6.36635e-13
4.35593e+02,1.95443e-11,2.38154e-11,6.36695e-13
4.40430e+02,1.95420e-11,2.38161e-11,6.36758e-13
4.45320e+02,1.95398e-11,2.38168e-11,6.36822e-13
4.50265e+02,1.95376e-11,2.38176e-11,6.36888e-13
4.55265e+02,1.95354e-11,2.38183e-11,6.36956e-13
4.60320e+02,1.95334e-11,2.38191e-11,6.37026e-13
4.65432e+02,1.95313e-11,2.38200e-11,6.37098e-13
4.70600e+02,1.95294e-11,2.38208e-11,6.37171e-13
4.75825e+02,1.95274e-11,2.38217e-11,6.37247e-13
4.81109e+02,1.95256e-11,2.38225e-11,6.37325e-13
4.86451e+02,1.95237e-11,2.38235e-11,6.37404e-13
4.91853e+02,1.95220e-11,2.38244e-11,6.37485e-13
4.97314e+02,1.95202e-11,2.38253e-11,6.37568e-13
5.02837e+02,1.95185e-11,2.38263e-11,6.37653e-13
5.08420e+02,1.95169e-11,2.38273e-11,6.37739e-13
5.14066e+02,1.95153e-11,2.38284e-11,6.37827e-13
5.19774e+02,1.95138e-11,2.38294e-11,6.37917e-13
5.25546e+02,1.95123e-11,2.38305e-11,6.38009e-13
5.31381e+02,1.95108e-11,2.38316e-11,6.38102e-13
5.37282e+02,1.95094e-11,2.38327e-11,6.38197e-13
5.43248e+02,1.95080e-11,2.38338e-11,6.38294e-13
5.49280e+02,1.95066e-11,2.38350e-11,6.38392e-13
5.55380e+02,1.95053e-11,2.38362e-11,6.38492e-13
5.61547e+02,1.95041e-11,2.38374e-11,6.38593e-13
5.67782e+02,1.95028e-11,2.38387e-11,6.38695e-13
5.74087e+02,1.95017e-11,2.38399e-11,6.38800e-13
5.80461e+02,1.95005e-11,2.38412e-11,6.38905e-13
5.86907e+02,1.94994e-11,2.38425e-11,6.39012e-13
5.93424e+02,1.94983e-11,2.38438e-11,6.39120e-13
6.00014e+02,1.94972e-11,2.38452e-11,6.39230e-13
6.06676e+02,1.94962e-11,2.38466e-11,6.39341e-13
6.13413e+02,1.94952e-11,2.38480e-11,6.39453e-13
6.20224e+02,1.94942e-11,2.38494e-11,6.39566e-13
6.27111e+02,1.94933e-11,2.38508e-11,6.39680e-13
6.34075e+02,1.94924e-11,2.38523e-11,6.39796e-13
6.41116e+02,1.94915e-11,2.38538e-11,6.39912e-13
6.48235e+02,1.94907e-11,2.38553e-11,6.40029e-13
6.55433e+02,1.94899e-11,2.38568e-11,6.40148e-13
6.62711e+02,1.94891e-11,2.38584e-11,6.40267e-13
6.70069e+02,1.94883e-11,2.38600e-11,6.40387e-13
6.77510e+02,1.94876e-11,2.38616e-11,6.40508e-13
6.85033e+02,1.94869e-11,2.38632e-11,6.40629e-13
6.92640e+02,1.94862e-11,2.38649e-11,6.40752e-13
7.00331e+02,1.94855e-11,2.38665e-11,6.40874e-13
7.08108e+02,1.94849e-11,2.38682e-11,6.40998e-13
7.15970e+02,1.94843e-11,2.38699e-11,6.41121e-13
7.23921e+02,1.94837e-11,2.38716e-11,6.41246e-13
7.31959e+02,1.94831e-11,2.38734e-11,6.41370e-13
7.40087e+02,1.94826e-11,2.38752e-11,6.41495e-13
7.48305e+02,1.94820e-11,2.38770e-11,6.41620e-13
7.56614e+02,1.94815e-11,2.38788e-11,6.41745e-13
7.65016e+02,1.94810e-11,2.38806e-11,6.41870e-13
7.73511e+02,1.94805e-11,2.38824e-11,6.41995e-13
7.82100e+02,1.94801e-11,2.38843e-11,6.42121e-13
7.90784e+02,1.94797e-11,2.38862e-11,6.42246e-13
7.99565e+02,1.94792e-11,2.38881e-11,6.42371e-13
8.08444e+02,1.94788e-11,2.38900e-11,6.42495e-13
8.17421e+02,1.94784e-11,2.38919e-11,6.42620e-13
8.26498e+02,1.94781e-11,2.38939e-11,6.42744e-13
8.35675e+02,1.94777e-11,2.38959e-11,6.42867e-13
8.44954e+02,1.94774e-11,2.38978e-11,6.42991e-13
8.54337e+02,1.94771e-11,2.38998e-11,6.43113e-13
8.63824e+02,1.94768e-11,2.39019e-11,6.43235e-13
8.73416e+02,1.94765e-11,2.39039e-11,6.43356e-13
8.83114e+02,1.94762e-11,2.39059e-11,6.43477e-13
8.92920e+02,1.94759e-11,2.39080e-11,6.43596e-13
9.02835e+02,1.94756e-11,2.39101e-11,6.43715e-13
9.12861e+02,1.94754e-11,2.39121e-11,6.43833e-13
9.22997e+02,1.94752e-11,2.39142e-11,6.43950e-13
9.33246e+02,1.94749e-11,2.39163e-11,6.44065e-13
9.43609e+02,1.94747e-11,2.39184e-11,6.44180e-13
9.54087e+02,1.94745e-11,2.39206e-11,6.44294e-13
9.64681e+02,1.94743e-11,2.39227e-11,6.44406e-13
9.75393e+02,1.94742e-11,2.39248e-11,6.44517e-13
9.86224e+02,1.94740e-11,2.39270e-11,6.44627e-13
9.97175e+02,1.94738e-11,2.39291e-11,6.44735e-13
1.00825e+03,1.94737e-11,2.39313e-11,6.44842e-13
1.01944e+03,1.94735e-11,2.39334e-11,6.44948e-13
1.03076e+03,1.94734e-11,2.39356e-11,6.45052e-13
1.04221e+03,1.94733e-11,2.39378e-11,6.45154e-13
1.05378e+03,1.94731e-11,2.39400e-11,6.45255e-13
1.06548e+03,1.94730e-11,2.39421e-11,6.45355e-13
1.07731e+03,1.94729e-11,2.39443e-11,6.45453e-13
1.08928e+03,1.94728e-11,2.39465e-11,6.45549e-13
1.10137e+03,1.94727e-11,2.39487e-11,6.45643e-13
1.11360e+03,1.94726e-11,2.39509e-11,6.45736e-13
1.12597e+03,1.94726e-11,2.39530e-11,6.45827e-13
1.13847e+03,1.94725e-11,2.39552e-11,6.45916e-13
1.15111e+03,1.94724e-11,2.39574e-11,6.46003e-13
1.16390e+03,1.94723e-11,2.39595e-11,6.46089e-13
1.17682e+03,1.94723e-11,2.39617e-11,6.46173e-13
1.18989e+03,1.94722e-11,2.39639e-11,6.46255e-13
1.20310e+03,1.94722e-11,2.39660e-11,6.46335e-13
1.21646e+03,1.94721e-11,2.39682e-11,6.46413e-13
1.22997e+03,1.94721e-11,2.39703e-11,6.46489e-13
1.24362e+03,1.94721e-11,2.39724e-11,6.46563e-13
1.25743e+03,1.94720e-11,2.39745e-11,6.46636e-13
1.27140e+03,1.94720e-11,2.39766e-11,6.46706e-13
1.28551e+03,1.94720e-11,2.39787e-11,6.46775e-13
1.29979e+03,1.94719e-11,2.39808e-11,6.46842e-13
1.31422e+03,1.94719e-11,2.39828e-11,6.46907e-13
1.32881e+03,1.94719e-11,2.39849e-11,6.46969e-13
1.34357e+03,1.94719e-11,2.39869e-11,6.47030e-13
1.35849e+03,1.94719e-11,2.39889e-11,6.47089e-13
1.37357e+03,1.94719e-11,2.39909e-11,6.47147e-13
1.38883e+03,1.94719e-11,2.39929e-11,6.47202e-13
1.40425e+03,1.94719e-11,2.39948e-11,6.47255e-13
1.41984e+03,1.94719e-11,2.39968e-11,6.47307e-13
1.43561e+03,1.94719e-11,2.39987e-11,6.47356e-13
1.45155e+03,1.94719e-11,2.40006e-11,6.47404e-13
1.46767e+03,1.94719e-11,2.40024e-11,6.47450e-13
1.48396e+03,1.94719e-11,2.40043e-11,6.47494e-13
1.50044e+03,1.94719e-11,2.40061e-11,6.47537e-13
1.51710e+03,1.94719e-11,2.40079e-11,6.47577e-13
1.53395e+03,1.94719e-11,2.40097e-11,6.47616e-13
1.55098e+03,1.94719e-11,2.40114e-11,6.47653e-13
1.56820e+03,1.94719e-11,2.40131e-11,6.47688e-13
1.58562e+03,1.94719e-11,2.40148e-11,6.47722e-13
1.60322e+03,1.94720e-11,2.40164e-11,6.47754e-13
1.62103e+03,1.94720e-11,2.40180e-11,6.47785e-13
1.63903e+03,1.94720e-11,2.40196e-11,6.47814e-13
1.65723e+03,1.94720e-11,2.40212e-11,6.47841e-13
1.67563e+03,1.94720e-11,2.40227e-11,6.47867e-13
1.69424e+03,1.94721e-11,2.40242e-11,6.47891e-13
1.71305e+03,1.94721e-11,2.40256e-11,6.47914e-13
1.73207e+03,1.94721e-11,2.40271e-11,6.47935e-13
1.75130e+03,1.94721e-11,2.40284e-11,6.47955e-13
1.77075e+03,1.94721e-11,2.40298e-11,6.47974e-13
1.79041e+03,1.94722e-11,2.40311e-11,6.47991e-13
1.81029e+03,1.94722e-11,2.40324e-11,6.48007e-13
1.83040e+03,1.94722e-11,2.40336e-11,6.48022e-13
1.85072e+03,1.94722e-11,2.40348e-11,6.48036e-13
1.87127e+03,1.94723e-11,2.40359e-11,6.48049e-13
1.89205e+03,1.94723e-11,2.40370e-11,6.48060e-13
1.91306e+03,1.94723e-11,2.40381e-11,6.48071e-13
1.93430e+03,1.94723e-11,2.40391e-11,6.48081e-13
1.95578e+03,1.94724e-11,2.40401e-11,6.48089e-13
1.97750e+03,1.94724e-11,2.40410e-11,6.48097e-13
1.99946e+03,1.94724e-11,2.40419e-11,6.48104e-13
2.02166e+03,1.94724e-11,2.40428e-11,6.48111e-13
2.04411e+03,1.94725e-11,2.40436e-11,6.48117e-13
2.06681e+03,1.94725e-11,2.40444e-11,6.48122e-13
2.08976e+03,1.94725e-11,2.40451e-11,6.48126e-13
2.11296e+03,1.94725e-11,2.40457e-11,6.48130e-13
2.13642e+03,1.94725e-11,2.40464e-11,6.48134e-13
2.16015e+03,1.94726e-11,2.40469e-11,6.48138e-13
2.18413e+03,1.94726e-11,2.40475e-11,6.48141e-13
2.20839e+03,1.94726e-11,2.40480e-11,6.48144e-13
2.23291e+03,1.94726e-11,2.40484e-11,6.48146e-13
2.25770e+03,1.94727e-11,2.40488e-11,6.48149e-13
2.28277e+03,1.94727e-11,2.40491e-11,6.48152e-13
2.30812e+03,1.94727e-11,2.40494e-11,6.48155e-13
2.33375e+03,1.94727e-11,2.40497e-11,6.48159e-13
2.35966e+03,1.94727e-11,2.40499e-11,6.48162e-13
2.38587e+03,1.94728e-11,2.40500e-11,6.48166e-13
2.41236e+03,1.94728e-11,2.40501e-11,6.48171e-13
2.43915e+03,1.94728e-11,2.40502e-11,6.48176e-13
2.46623e+03,1.94728e-11,2.40502e-11,6.48182e-13
2.49362e+03,1.94728e-11,2.40501e-11,6.48189e-13
2.52131e+03,1.94729e-11,2.40500e-11,6.48197e-13
2.54930e+03,1.94729e-11,2.40499e-11,6.48206e-13
2.57761e+03,1.94729e-11,2.40497e-11,6.48216e-13
2.60623e+03,1.94729e-11,2.40495e-11,6.48227e-13
2.63517e+03,1.94729e-11,2.40492e-11,6.48240e-13
2.66443e+03,1.94729e-11,2.40488e-11,6.48254e-13
2.69402e+03,1.94730e-11,2.40485e-11,6.48270e-13
2.72393e+03,1.94730e-11,2.40480e-11,6.48288e-13
2.75418e+03,1.94730e-11,2.40475e-11,6.48307e-13
2.78476e+03,1.94730e-11,2.40470e-11,6.48329e-13
2.81569e+03,1.94730e-11,2.40464e-11,6.48353e-13
2.84695e+03,1.94730e-11,2.40458e-11,6.48380e-13
2.87856e+03,1.94730e-11,2.40451e-11,6.48409e-13
2.91053e+03,1.94730e-11,2.40444e-11,6.48440e-13
2.94285e+03,1.94731e-11,2.40436e-11,6.48475e-13
2.97553e+03,1.94731e-11,2.40428e-11,6.48513e-13
3.00857e+03,1.94731e-11,2.40419e-11,6.48554e-13
3.04197e+03,1.94731e-11,2.40410e-11,6.48598e-13
3.07575e+03,1.94731e-11,2.40401e-11,6.48646e-13
3.10991e+03,1.94731e-11,2.40391e-11,6.48698e-13
3.14444e+03,1.94731e-11,2.40380e-11,6.48754e-13
3.17935e+03,1.94731e-11,2.40369e-11,6.48813e-13
3.21466e+03,1.94731e-11,2.40358e-11,6.48878e-13
3.25035e+03,1.94731e-11,2.40346e-11,6.48947e-13
3.28645e+03,1.94731e-11,2.40334e-11,6.49021e-13
3.32294e+03,1.94731e-11,2.40321e-11,6.49099e-13
3.35984e+03,1.94731e-11,2.40308e-11,6.49184e-13
3.39715e+03,1.94731e-11,2.40294e-11,6.49273e-13
3.43487e+03,1.94731e-11,2.40280e-11,6.49369e-13
3.47301e+03,1.94731e-11,2.40266e-11,6.49471e-13
3.51157e+03,1.94731e-11,2.40251e-11,6.49578e-13
3.55057e+03,1.94731e-11,2.40236e-11,6.49693e-13
3.58999e+03,1.94731e-11,2.40221e-11,6.49814e-13
3.62986e+03,1.94731e-11,2.40205e-11,6.49943e-13
3.67016e+03,1.94731e-11,2.40188e-11,6.50079e-13
3.71092e+03,1.94731e-11,2.40172e-11,6.50222e-13
3.75212e+03,1.94731e-11,2.40155e-11,6.50374e-13
3.79379e+03,1.94731e-11,2.40137e-11,6.50533e-13
3.83591e+03,1.94731e-11,2.40120e-11,6.50702e-13
3.87851e+03,1.94731e-11,2.40102e-11,6.50879e-13
3.92158e+03,1.94731e-11,2.40083e-11,6.51066e-13
3.96512e+03,1.94731e-11,2.40064e-11,6.51262e-13
4.00915e+03,1.94731e-11,2.40045e-11,6.51468e-13
4.05367e+03,1.94731e-11,2.40026e-11,6.51685e-13
4.09868e+03,1.94731e-11,2.40006e-11,6.51912e-13
4.14419e+03,1.94731e-11,2.39986e-11,6.52150e-13
4.19021e+03,1.94731e-11,2.39966e-11,6.52399e-13
4.23674e+03,1.94730e-11,2.39946e-11,6.52660e-13
4.28379e+03,1.94730e-11,2.39925e-11,6.52934e-13
4.33135e+03,1.94730e-11,2.39904e-11,6.53219e-13
4.37945e+03,1.94730e-11,2.39883e-11,6.53518e-13
4.42808e+03,1.94730e-11,2.39861e-11,6.53830e-13
4.47725e+03,1.94730e-11,2.39839e-11,6.54155e-13
4.52696e+03,1.94729e-11,2.39817e-11,6.54494e-13
4.57723e+03,1.94729e-11,2.39795e-11,6.54848e-13
4.62806e+03,1.94729e-11,2.39773e-11,6.55217e-13
4.67945e+03,1.94729e-11,2.39750e-11,6.55601e-13
4.73141e+03,1.94729e-11,2.39727e-11,6.56001e-13
4.78395e+03,1.94728e-11,2.39704e-11,6.56416e-13
4.83707e+03,1.94728e-11,2.39681e-11,6.56849e-13
4.89078e+03,1.94728e-11,2.39658e-11,6.57298e-13
4.94509e+03,1.94728e-11,2.39635e-11,6.57765e-13
5.00000e+03,1.94728e-11,2.39611e-11,6.58249e-13
5.05552e+03,1.94727e-11,2.39587e-11,6.58752e-13
5.11166e+03,1.94727e-11,2.39564e-11,6.59273e-13
5.16842e+03,1.94727e-11,2.39540e-11,6.59813e-13
5.22581e+03,1.94726e-11,2.39516e-11,6.60373e-13
5.28384e+03,1.94726e-11,2.39492e-11,6.60953e-13
5.34251e+03,1.94726e-11,2.39467e-11,6.61553e-13
5.40183e+03,1.94725e-11,2.39443e-11,6.62174e-13
5.46182e+03,1.94725e-11,2.39419e-11,6.62817e-13
5.52246e+03,1.94725e-11,2.39394e-11,6.63481e-13
5.58379e+03,1.94724e-11,2.39370e-11,6.64167e-13
5.64579e+03,1.94724e-11,2.39345e-11,6.64875e-13
5.70848e+03,1.94724e-11,2.39321e-11,6.65606e-13
5.77187e+03,1.94723e-11,2.39296e-11,6.66361e-13
5.83596e+03,1.94723e-11,2.39272e-11,6.67139e-13
5.90076e+03,1.94722e-11,2.39247e-11,6.67942e-13
5.96629e+03,1.94722e-11,2.39223e-11,6.68769e-13
6.03254e+03,1.94722e-11,2.39198e-11,6.69621e-13
6.09952e+03,1.94721e-11,2.39174e-11,6.70498e-13
6.16725e+03,1.94721e-11,2.39149e-11,6.71401e-13
6.23573e+03,1.94720e-11,2.39125e-11,6.72329e-13
6.30498e+03,1.94720e-11,2.39101e-11,6.73284e-13
6.37499e+03,1.94719e-11,2.39076e-11,6.74266e-13
6.44578e+03,1.94719e-11,2.39052e-11,6.75275e-13
6.51735e+03,1.94718e-11,2.39028e-11,6.76310e-13
6.58972e+03,1.94718e-11,2.39004e-11,6.77374e-13
6.66289e+03,1.94717e-11,2.38980e-11,6.78466e-13
6.73688e+03,1.94717e-11,2.38956e-11,6.79585e-13
6.81169e+03,1.94716e-11,2.38932e-11,6.80733e-13
6.88732e+03,1.94715e-11,2.38908e-11,6.81910e-13
6.96380e+03,1.94715e-11,2.38884e-11,6.83116e-13
7.04113e+03,1.94714e-11,2.38861e-11,6.84351e-13
7.11931e+03,1.94713e-11,2.38837e-11,6.85616e-13
7.19837e+03,1.94713e-11,2.38814e-11,6.86910e-13
7.27830e+03,1.94712e-11,2.38791e-11,6.88234e-13
7.35912e+03,1.94711e-11,2.38768e-11,6.89588e-13
7.44084e+03,1.94711e-11,2.38745e-11,6.90972e-13
7.52346e+03,1.94710e-11,2.38722e-11,6.92387e-13
7.60700e+03,1.94709e-11,2.38700e-11,6.93832e-13
7.69147e+03,1.94708e-11,2.38677e-11,6.95308e-13
7.77688e+03,1.94708e-11,2.38655e-11,6.96814e-13
7.86323e+03,1.94707e-11,2.38633e-11,6.98352e-13
7.95055e+03,1.94706e-11,2.38611e-11,6.99920e-13
8.03883e+03,1.94705e-11,2.38589e-11,7.01519e-13
8.12809e+03,1.94704e-11,2.38568e-11,7.03150e-13
8.21835e+03,1.94703e-11,2.38546e-11,7.04811e-13
8.30961e+03,1.94703e-11,2.38525e-11,7.06504e-13
8.40188e+03,1.94702e-11,2.38504e-11,7.08228e-13
8.49517e+03,1.94701e-11,2.38483e-11,7.09984e-13
8.58950e+03,1.94700e-11,2.38463e-11,7.11770e-13
8.68488e+03,1.94699e-11,2.38442e-11,7.13588e-13
8.78132e+03,1.94698e-11,2.38422e-11,7.15437e-13
8.87883e+03,1.94697e-11,2.38402e-11,7.17318e-13
8.97742e+03,1.94696e-11,2.38382e-11,7.19229e-13
9.07711e+03,1.94694e-11,2.38363e-11,7.21172e-13
9.17790e+03,1.94693e-11,2.38343e-11,7.23146e-13
9.27981e+03,1.94692e-11,2.38324e-11,7.25151e-13
9.38286e+03,1.94691e-11,2.38305e-11,7.27187e-13
9.48705e+03,1.94690e-11,2.38286e-11,7.29254e-13
9.59239e+03,1.94689e-11,2.38268e-11,7.31351e-13
9.69891e+03,1.94687e-11,2.38249e-11,7.33480e-13
9.80661e+03,1.94686e-11,2.38231e-11,7.35640e-13
9.91550e+03,1.94685e-11,2.38213e-11,7.37830e-13
1.00256e+04,1.94684e-11,2.38196e-11,7.40051e-13
1.01369e+04,1.94682e-11,2.38178e-11,7.42303e-13
1.02495e+04,1.94681e-11,2.38161e-11,7.44585e-13
1.03633e+04,1.94680e-11,2.38144e-11,7.46898e-13
1.04784e+04,1.94678e-11,2.38127e-11,7.49241e-13
1.05947e+04,1.94677e-11,2.38110e-11,7.51615e-13
1.07124e+04,1.94675e-11,2.38094e-11,7.54019e-13
1.08313e+04,1.94674e-11,2.38078e-11,7.56454e-13
1.09516e+04,1.94672e-11,2.38062e-11,7.58919e-13
1.10732e+04,1.94670e-11,2.38046e-11,7.61414e-13
1.11962e+04,1.94669e-11,2.38031e-11,7.63939e-13
1.13205e+04,1.94667e-11,2.38015e-11,7.66495e-13
1.14462e+04,1.94666e-11,2.38000e-11,7.69081e-13
1.15733e+04,1.94664e-11,2.37985e-11,7.71698e-13
1.17018e+04,1.94662e-11,2.37971e-11,7.74345e-13
1.18317e+04,1.94660e-11,2.37956e-11,7.77023e-13
1.19631e+04,1.94658e-11,2.37942e-11,7.79731e-13
1.20960e+04,1.94657e-11,2.37928e-11,7.82470e-13
1.22303e+04,1.94655e-11,2.37914e-11,7.85240e-13
1.23661e+04,1.94653e-11,2.37901e-11,7.88040e-13
1.25034e+04,1.94651e-11,2.37887e-11,7.90872e-13
1.26422e+04,1.94649e-11,2.37874e-11,7.93736e-13
1.27826e+04,1.94647e-11,2.37861e-11,7.96630e-13
1.29246e+04,1.94644e-11,2.37848e-11,7.99557e-13
1.30681e+04,1.94642e-11,2.37836e-11,8.02515e-13
1.32132e+04,1.94640e-11,2.37823e-11,8.05506e-13
1.33599e+04,1.94638e-11,2.37811e-11,8.08530e-13
1.35083e+04,1.94636e-11,2.37799e-11,8.11586e-13
1.36583e+04,1.94633e-11,2.37787e-11,8.14676e-13
1.38099e+04,1.94631e-11,2.37776e-11,8.17799e-13
1.39633e+04,1.94628e-11,2.37764e-11,8.20956e-13
1.41183e+04,1.94626e-11,2.37753e-11,8.24148e-13
1.42751e+04,1.94623e-11,2.37742e-11,8.27375e-13
1.44336e+04,1.94621e-11,2.37731e-11,8.30637e-13
1.45939e+04,1.94618e-11,2.37721e-11,8.33935e-13
1.47559e+04,1.94616e-11,2.37710e-11,8.37269e-13
1.49198e+04,1.94613e-11,2.37700e-11,8.40641e-13
1.50854e+04,1.94610e-11,2.37690e-11,8.44050e-13
1.52530e+04,1.94607e-11,2.37680e-11,8.47498e-13
1.54223e+04,1.94604e-11,2.37670e-11,8.50985e-13
1.55936e+04,1.94601e-11,2.37660e-11,8.54511e-13
1.57667e+04,1.94599e-11,2.37651e-11,8.58078e-13
1.59418e+04,1.94595e-11,2.37642e-11,8.61686e-13
1.61188e+04,1.94592e-11,2.37632e-11,8.65336e-13
1.62978e+04,1.94589e-11,2.37623e-11,8.69028e-13
1.64788e+04,1.94586e-11,2.37615e-11,8.72764e-13
1.66618e+04,1.94583e-11,2.37606e-11,8.76545e-13
1.68468e+04,1.94579e-11,2.37598e-11,8.80371e-13
1.70338e+04,1.94576e-11,2.37589e-11,8.84243e-13
1.72230e+04,1.94572e-11,2.37581e-11,8.88162e-13
1.74142e+04,1.94569e-11,2.37573e-11,8.92130e-13
1.76076e+04,1.94565e-11,2.37565e-11,8.96147e-13
1.78031e+04,1.94562e-11,2.37557e-11,9.00214e-13
1.80008e+04,1.94558e-11,2.37550e-11,9.04332e-13
1.82007e+04,1.94554e-11,2.37542e-11,9.08502e-13
1.84028e+04,1.94550e-11,2.37535e-11,9.12726e-13
1.86071e+04,1.94546e-11,2.37528e-11,9.17004e-13
1.88138e+04,1.94542e-11,2.37521e-11,9.21337e-13
1.90227e+04,1.94538e-11,2.37514e-11,9.25727e-13
1.92339e+04,1.94534e-11,2.37507e-11,9.30175e-13
1.94475e+04,1.94530e-11,2.37501e-11,9.34682e-13
1.96634e+04,1.94526e-11,2.37494e-11,9.39249e-13
1.98818e+04,1.94521e-11,2.37488e-11,9.43877e-13
2.01025e+04,1.94517e-11,2.37481e-11,9.48567e-13
2.03258e+04,1.94512e-11,2.37475e-11,9.53321e-13
2.05515e+04,1.94508e-11,2.37469e-11,9.58139e-13
2.07797e+04,1.94503e-11,2.37463e-11,9.63024e-13
2.10104e+04,1.94498e-11,2.37458e-11,9.67975e-13
2.12437e+04,1.94493e-11,2.37452e-11,9.72994e-13
2.14796e+04,1.94488e-11,2.37446e-11,9.78083e-13
2.17181e+04,1.94483e-11,2.37441e-11,9.83242e-13
2.19593e+04,1.94478e-11,2.37435e-11,9.88472e-13
2.22031e+04,1.94473e-11,2.37430e-11,9.93775e-13
2.24497e+04,1.94468e-11,2.37425e-11,9.99152e-13
2.26989e+04,1.94463e-11,2.37420e-11,1.00460e-12
2.29510e+04,1.94457e-11,2.37415e-11,1.01013e-12
2.32058e+04,1.94451e-11,2.37410e-11,1.01573e-12
2.34635e+04,1.94446e-11,2.37405e-11,1.02141e-12
2.37241e+04,1.94440e-11,2.37401e-11,1.02717e-12
2.39875e+04,1.94434e-11,2.37396e-11,1.03301e-12
2.42539e+04,1.94428e-11,2.37392e-11,1.03893e-12
2.45232e+04,1.94422e-11,2.37387e-11,1.04493e-12
2.47955e+04,1.94416e-11,2.37383e-11,1.05101e-12
2.50708e+04,1.94410e-11,2.37379e-11,1.05717e-12
2.53492e+04,1.94403e-11,2.37375e-11,1.06342e-12
2.56307e+04,1.94397e-11,2.37371e-11,1.06975e-12
2.59153e+04,1.94390e-11,2.37367e-11,1.07616e-12
2.62031e+04,1.94383e-11,2.37363e-11,1.08265e-12
2.64940e+04,1.94376e-11,2.37359e-11,1.08923e-12
2.67882e+04,1.94369e-11,2.37355e-11,1.09590e-12
2.70857e+04,1.94362e-11,2.37352e-11,1.10264e-12
2.73864e+04,1.94355e-11,2.37348e-11,1.10948e-12
2.76905e+04,1.94347e-11,2.37345e-11,1.11639e-12
2.79980e+04,1.94340e-11,2.37341e-11,1.12339e-12
2.83089e+04,1.94332e-11,2.37338e-11,1.13047e-12
2.86233e+04,1.94324e-11,2.37335e-11,1.13764e-12
2.89411e+04,1.94315e-11,2.37331e-11,1.14489e-12
2.92625e+04,1.94307e-11,2.37328e-11,1.15221e-12
2.95874e+04,1.94298e-11,2.37325e-11,1.15962e-12
2.99159e+04,1.94289e-11,2.37322e-11,1.16711e-12
3.02481e+04,1.94280e-11,2.37319e-11,1.17467e-12
3.05840e+04,1.94270e-11,2.37316e-11,1.18231e-12
3.09236e+04,1.94260e-11,2.37313e-11,1.19002e-12
3.12670e+04,1.94250e-11,2.37310e-11,1.19780e-12
3.16142e+04,1.94239e-11,2.37307e-11,1.20565e-12
3.19652e+04,1.94227e-11,2.37304e-11,1.21357e-12
3.23202e+04,1.94215e-11,2.37302e-11,1.22154e-12
3.26791e+04,1.94202e-11,2.37299e-11,1.22957e-12
3.30419e+04,1.94188e-11,2.37296e-11,1.23766e-12
3.34088e+04,1.94172e-11,2.37293e-11,1.24578e-12
3.37798e+04,1.94155e-11,2.37291e-11,1.25395e-12
3.41549e+04,1.94136e-11,2.37288e-11,1.26213e-12
3.45342e+04,1.94115e-11,2.37285e-11,1.27032e-12
3.49176e+04,1.94089e-11,2.37282e-11,1.27849e-12
3.53054e+04,1.94057e-11,2.37278e-11,1.28661e-12
3.56974e+04,1.94017e-11,2.37275e-11,1.29459e-12
3.60938e+04,1.93964e-11,2.37271e-11,1.30232e-12
3.64946e+04,1.93887e-11,2.37266e-11,1.30947e-12
3.68998e+04,1.93770e-11,2.37263e-11,1.31514e-12
3.73096e+04,1.93654e-11,2.37297e-11,1.31659e-12
3.77239e+04,1.94585e-11,2.39021e-11,1.34674e-12
3.81427e+04,1.95008e-11,2.37378e-11,1.36333e-12
3.85663e+04,1.94702e-11,2.37318e-11,1.36648e-12
3.89945e+04,1.94534e-11,2.37300e-11,1.37296e-12
3.94275e+04,1.94437e-11,2.37291e-11,1.38050e-12
3.98653e+04,1.94373e-11,2.37285e-11,1.38851e-12
4.03080e+04,1.94328e-11,2.37280e-11,1.39674e-12
4.07556e+04,1.94292e-11,2.37277e-11,1.40510e-12
4.12081e+04,1.94264e-11,2.37274e-11,1.41352e-12
4.16657e+04,1.94240e-11,2.37271e-11,1.42197e-12
4.21284e+04,1.94219e-11,2.37269e-11,1.43042e-12
4.25962e+04,1.94200e-11,2.37267e-11,1.43886e-12
4.30692e+04,1.94183e-11,2.37265e-11,1.44727e-12
4.35474e+04,1.94167e-11,2.37264e-11,1.45563e-12
4.40310e+04,1.94153e-11,2.37262e-11,1.46394e-12
4.45199e+04,1.94139e-11,2.37261e-11,1.47218e-12
4.50143e+04,1.94126e-11,2.37259e-11,1.48034e-12
4.55141e+04,1.94113e-11,2.37258e-11,1.48842e-12
4.60195e+04,1.94101e-11,2.37257e-11,1.49640e-12
4.65305e+04,1.94089e-11,2.37255e-11,1.50427e-12
4.70472e+04,1.94077e-11,2.37254e-11,1.51203e-12
4.75696e+04,1.94066e-11,2.37253e-11,1.51968e-12
4.80978e+04,1.94055e-11,2.37252e-11,1.52719e-12
4.86319e+04,1.94044e-11,2.37251e-11,1.53456e-12
4.91719e+04,1.94034e-11,2.37250e-11,1.54179e-12
4.97179e+04,1.94023e-11,2.37249e-11,1.54887e-12
5.02700e+04,1.94013e-11,2.37248e-11,1.55579e-12
5.08282e+04,1.94002e-11,2.37248e-11,1.56254e-12
5.13926e+04,1.93992e-11,2.37247e-11,1.56913e-12
5.19633e+04,1.93982e-11,2.37246e-11,1.57554e-12
5.25403e+04,1.93972e-11,2.37245e-11,1.58177e-12
5.31237e+04,1.93962e-11,2.37245e-11,1.58782e-12
5.37136e+04,1.93953e-11,2.37244e-11,1.59368e-12
5.43100e+04,1.93943e-11,2.37243e-11,1.59935e-12
5.49131e+04,1.93933e-11,2.37243e-11,1.60483e-12
5.55229e+04,1.93924e-11,2.37242e-11,1.61012e-12
5.61394e+04,1.93914e-11,2.37242e-11,1.61522e-12
5.67628e+04,1.93905e-11,2.37242e-11,1.62013e-12
5.73931e+04,1.93895e-11,2.37241e-11,1.62485e-12
5.80304e+04,1.93886e-11,2.37241e-11,1.62939e-12
5.86748e+04,1.93876e-11,2.37240e-11,1.63374e-12
5.93263e+04,1.93867e-11,2.37240e-11,1.63793e-12
5.99850e+04,1.93858e-11,2.37240e-11,1.64194e-12
6.06511e+04,1.93848e-11,2.37240e-11,1.64580e-12
6.13246e+04,1.93839e-11,2.37240e-11,1.64950e-12
6.20056e+04,1.93830e-11,2.37239e-11,1.65306e-12
6.26941e+04,1.93820e-11,2.37239e-11,1.65649e-12
6.33902e+04,1.93811e-11,2.37239e-11,1.65980e-12
6.40941e+04,1.93801e-11,2.37239e-11,1.66301e-12
6.48058e+04,1.93792e-11,2.37239e-11,1.66612e-12
6.55255e+04,1.93782e-11,2.37239e-11,1.66916e-12
6.62531e+04,1.93772e-11,2.37239e-11,1.67214e-12
6.69887e+04,1.93762e-11,2.37239e-11,1.67507e-12
6.77326e+04,1.93751e-11,2.37240e-11,1.67797e-12
6.84847e+04,1.93740e-11,2.37240e-11,1.68085e-12
6.92452e+04,1.93728e-11,2.37240e-11,1.68372e-12
7.00141e+04,1.93716e-11,2.37240e-11,1.68659e-12
7.07915e+04,1.93701e-11,2.37240e-11,1.68946e-12
7.15776e+04,1.93684e-11,2.37241e-11,1.69233e-12
7.23724e+04,1.93662e-11,2.37241e-11,1.69519e-12
7.31760e+04,1.93631e-11,2.37242e-11,1.69802e-12
7.39886e+04,1.93576e-11,2.37243e-11,1.70079e-12
7.48102e+04,1.93552e-11,2.37285e-11,1.70905e-12
7.56409e+04,1.94363e-11,2.37255e-11,1.71000e-12
7.64808e+04,1.93893e-11,2.37247e-11,1.71187e-12
7.73300e+04,1.93801e-11,2.37247e-11,1.71559e-12
7.81887e+04,1.93759e-11,2.37247e-11,1.72032e-12
7.90569e+04,1.93733e-11,2.37248e-11,1.72609e-12
