freq_aligo,totalsignal_aligo,totalsignal_baseline,totalsignal_best
5.77350e+00,5.66563e+13,4.90927e+12,1.43892e+12
5.78620e+00,5.66563e+13,4.91925e+12,1.44427e+12
5.79893e+00,5.66563e+13,4.92923e+12,1.44963e+12
5.81169e+00,5.66563e+13,4.93920e+12,1.45502e+12
5.82447e+00,5.66563e+13,4.94918e+12,1.46042e+12
5.83728e+00,5.66562e+13,4.95915e+12,1.46585e+12
5.85012e+00,5.66562e+13,4.96913e+12,1.47130e+12
5.86299e+00,5.66562e+13,4.97910e+12,1.47677e+12
5.87589e+00,5.66562e+13,4.98907e+12,1.48227e+12
5.88881e+00,5.66562e+13,4.99904e+12,1.48778e+12
5.90176e+00,5.66562e+13,5.00901e+12,1.49332e+12
5.91475e+00,5.66561e+13,5.01898e+12,1.49888e+12
5.92776e+00,5.66561e+13,5.02895e+12,1.50447e+12
5.94079e+00,5.66561e+13,5.03891e+12,1.51007e+12
5.95386e+00,5.66561e+13,5.04888e+12,1.51570e+12
5.96696e+00,5.66561e+13,5.05884e+12,1.52135e+12
5.98008e+00,5.66561e+13,5.06880e+12,1.52702e+12
5.99324e+00,5.66560e+13,5.07876e+12,1.53272e+12
6.00642e+00,5.66560e+13,5.08872e+12,1.53843e+12
6.01963e+00,5.66560e+13,5.09868e+12,1.54418e+12
6.03287e+00,5.66560e+13,5.10864e+12,1.54994e+12
6.04614e+00,5.66560e+13,5.11859e+12,1.55573e+12
6.05944e+00,5.66560e+13,5.12854e+12,1.56154e+12
6.07277e+00,5.66559e+13,5.13849e+12,1.56737e+12
6.08613e+00,5.66559e+13,5.14844e+12,1.57322e+12
6.09952e+00,5.66559e+13,5.15839e+12,1.57910e+12
6.11293e+00,5.66559e+13,5.16833e+12,1.58501e+12
6.12638e+00,5.66559e+13,5.17828e+12,1.59093e+12
6.13986e+00,5.66559e+13,5.18822e+12,1.59688e+12
6.15336e+00,5.66558e+13,5.19816e+12,1.60286e+12
6.16690e+00,5.66558e+13,5.20809e+12,1.60885e+12
6.18046e+00,5.66558e+13,5.21803e+12,1.61488e+12
6.19406e+00,5.66558e+13,5.22796e+12,1.62092e+12
6.20768e+00,5.66558e+13,5.23789e+12,1.62699e+12
6.22134e+00,5.66557e+13,5.24781e+12,1.63308e+12
6.23502e+00,5.66557e+13,5.25774e+12,1.63920e+12
6.24873e+00,5.66557e+13,5.26766e+12,1.64534e+12
6.26248e+00,5.66557e+13,5.27758e+12,1.65151e+12
6.27626e+00,5.66557e+13,5.28750e+12,1.65770e+12
6.29006e+00,5.66556e+13,5.29741e+12,1.66391e+12
6.30390e+00,5.66556e+13,5.30732e+12,1.67015e+12
6.31776e+00,5.66556e+13,5.31723e+12,1.67642e+12
6.33166e+00,5.66556e+13,5.32714e+12,1.68271e+12
6.34559e+00,5.66556e+13,5.33704e+12,1.68902e+12
6.35954e+00,5.66556e+13,5.34694e+12,1.69536e+12
6.37353e+00,5.66555e+13,5.35684e+12,1.70173e+12
6.38755e+00,5.66555e+13,5.36673e+12,1.70812e+12
6.40160e+00,5.66555e+13,5.37662e+12,1.71453e+12
6.41568e+00,5.66555e+13,5.38651e+12,1.72097e+12
6.42980e+00,5.66555e+13,5.39640e+12,1.72744e+12
6.44394e+00,5.66554e+13,5.40628e+12,1.73393e+12
6.45811e+00,5.66554e+13,5.41616e+12,1.74044e+12
6.47232e+00,5.66554e+13,5.42603e+12,1.74699e+12
6.48656e+00,5.66554e+13,5.43591e+12,1.75355e+12
6.50082e+00,5.66554e+13,5.44577e+12,1.76015e+12
6.51512e+00,5.66553e+13,5.45564e+12,1.76677e+12
6.52946e+00,5.66553e+13,5.46550e+12,1.77341e+12
6.54382e+00,5.66553e+13,5.47536e+12,1.78008e+12
6.55821e+00,5.66553e+13,5.48522e+12,1.78678e+12
6.57264e+00,5.66553e+13,5.49507e+12,1.79351e+12
6.58709e+00,5.66552e+13,5.50492e+12,1.80026e+12
6.60158e+00,5.66552e+13,5.51476e+12,1.80704e+12
6.61611e+00,5.66552e+13,5.52460e+12,1.81384e+12
6.63066e+00,5.66552e+13,5.53444e+12,1.82067e+12
6.64524e+00,5.66552e+13,5.54427e+12,1.82753e+12
6.65986e+00,5.66551e+13,5.55410e+12,1.83441e+12
6.67451e+00,5.66551e+13,5.56393e+12,1.84132e+12
6.68919e+00,5.66551e+13,5.57375e+12,1.84826e+12
6.70391e+00,5.66551e+13,5.58357e+12,1.85523e+12
6.71865e+00,5.66550e+13,5.59338e+12,1.86222e+12
6.73343e+00,5.66550e+13,5.60319e+12,1.86924e+12
6.74824e+00,5.66550e+13,5.61300e+12,1.87629e+12
6.76308e+00,5.66550e+13,5.62280e+12,1.88336e+12
6.77796e+00,5.66550e+13,5.63260e+12,1.89047e+12
6.79287e+00,5.66549e+13,5.64239e+12,1.89760e+12
6.80781e+00,5.66549e+13,5.65218e+12,1.90476e+12
6.82279e+00,5.66549e+13,5.66197e+12,1.91194e+12
6.83779e+00,5.66549e+13,5.67175e+12,1.91916e+12
6.85284e+00,5.66549e+13,5.68153e+12,1.92640e+12
6.86791e+00,5.66548e+13,5.69130e+12,1.93367e+12
6.88302e+00,5.66548e+13,5.70107e+12,1.94097e+12
6.89816e+00,5.66548e+13,5.71083e+12,1.94829e+12
6.91333e+00,5.66548e+13,5.72059e+12,1.95565e+12
6.92854e+00,5.66547e+13,5.73035e+12,1.96303e+12
6.94378e+00,5.66547e+13,5.74010e+12,1.97044e+12
6.95905e+00,5.66547e+13,5.74985e+12,1.97789e+12
6.97436e+00,5.66547e+13,5.75959e+12,1.98536e+12
6.98970e+00,5.66546e+13,5.76933e+12,1.99285e+12
7.00507e+00,5.66546e+13,5.77906e+12,2.00038e+12
7.02048e+00,5.66546e+13,5.78879e+12,2.00794e+12
7.03592e+00,5.66546e+13,5.79852e+12,2.01553e+12
7.05140e+00,5.66546e+13,5.80824e+12,2.02314e+12
7.06691e+00,5.66545e+13,5.81795e+12,2.03079e+12
7.08246e+00,5.66545e+13,5.82766e+12,2.03846e+12
7.09804e+00,5.66545e+13,5.83737e+12,2.04616e+12
7.11365e+00,5.66545e+13,5.84707e+12,2.05390e+12
7.12930e+00,5.66544e+13,5.85677e+12,2.06166e+12
7.14498e+00,5.66544e+13,5.86646e+12,2.06945e+12
7.16069e+00,5.66544e+13,5.87615e+12,2.07728e+12
7.17645e+00,5.66544e+13,5.88583e+12,2.08513e+12
7.19223e+00,5.66543e+13,5.89551e+12,2.09301e+12
7.20805e+00,5.66543e+13,5.90518e+12,2.10093e+12
7.22391e+00,5.66543e+13,5.91485e+12,2.10887e+12
7.23980e+00,5.66543e+13,5.92451e+12,2.11684e+12
7.25572e+00,5.66542e+13,5.93417e+12,2.12485e+12
7.27168e+00,5.66542e+13,5.94383e+12,2.13288e+12
7.28768e+00,5.66542e+13,5.95348e+12,2.14095e+12
7.30371e+00,5.66542e+13,5.96312e+12,2.14905e+12
7.31977e+00,5.66541e+13,5.97276e+12,2.15717e+12
7.33587e+00,5.66541e+13,5.98239e+12,2.16533e+12
7.35201e+00,5.66541e+13,5.99202e+12,2.17352e+12
7.36818e+00,5.66541e+13,6.00165e+12,2.18174e+12
7.38439e+00,5.66540e+13,6.01127e+12,2.19000e+12
7.40063e+00,5.66540e+13,6.02088e+12,2.19828e+12
7.41691e+00,5.66540e+13,6.03049e+12,2.20659e+12
7.43322e+00,5.66540e+13,6.04010e+12,2.21494e+12
7.44958e+00,5.66539e+13,6.04970e+12,2.22332e+12
7.46596e+00,5.66539e+13,6.05929e+12,2.23173e+12
7.48238e+00,5.66539e+13,6.06888e+12,2.24017e+12
7.49884e+00,5.66539e+13,6.07846e+12,2.24864e+12
7.51534e+00,5.66538e+13,6.08804e+12,2.25715e+12
7.53187e+00,5.66538e+13,6.09762e+12,2.26569e+12
7.54844e+00,5.66538e+13,6.10719e+12,2.27426e+12
7.56504e+00,5.66537e+13,6.11675e+12,2.28286e+12
7.58168e+00,5.66537e+13,6.12631e+12,2.29150e+12
7.59836e+00,5.66537e+13,6.13587e+12,2.30016e+12
7.61507e+00,5.66537e+13,6.14542e+12,2.30886e+12
7.63182e+00,5.66536e+13,6.15496e+12,2.31760e+12
7.64861e+00,5.66536e+13,6.16450e+12,2.32636e+12
7.66543e+00,5.66536e+13,6.17403e+12,2.33516e+12
7.68229e+00,5.66536e+13,6.18356e+12,2.34399e+12
7.69919e+00,5.66535e+13,6.19309e+12,2.35286e+12
7.71613e+00,5.66535e+13,6.20261e+12,2.36175e+12
7.73310e+00,5.66535e+13,6.21212e+12,2.37068e+12
7.75011e+00,5.66534e+13,6.22163e+12,2.37965e+12
7.76716e+00,5.66534e+13,6.23113e+12,2.38865e+12
7.78424e+00,5.66534e+13,6.24063e+12,2.39768e+12
7.80136e+00,5.66534e+13,6.25012e+12,2.40674e+12
7.81853e+00,5.66533e+13,6.25961e+12,2.41584e+12
7.83572e+00,5.66533e+13,6.26910e+12,2.42497e+12
7.85296e+00,5.66533e+13,6.27857e+12,2.43414e+12
7.87023e+00,5.66532e+13,6.28805e+12,2.44334e+12
7.88754e+00,5.66532e+13,6.29752e+12,2.45258e+12
7.90489e+00,5.66532e+13,6.30698e+12,2.46185e+12
7.92228e+00,5.66531e+13,6.31644e+12,2.47115e+12
7.93971e+00,5.66531e+13,6.32589e+12,2.48049e+12
7.95717e+00,5.66531e+13,6.33534e+12,2.48986e+12
7.97468e+00,5.66531e+13,6.34478e+12,2.49927e+12
7.99222e+00,5.66530e+13,6.35422e+12,2.50871e+12
8.00980e+00,5.66530e+13,6.36365e+12,2.51818e+12
8.02742e+00,5.66530e+13,6.37308e+12,2.52770e+12
8.04507e+00,5.66529e+13,6.38250e+12,2.53724e+12
8.06277e+00,5.66529e+13,6.39192e+12,2.54682e+12
8.08050e+00,5.66529e+13,6.40134e+12,2.55644e+12
8.09828e+00,5.66528e+13,6.41074e+12,2.56609e+12
8.11609e+00,5.66528e+13,6.42015e+12,2.57578e+12
8.13394e+00,5.66528e+13,6.42955e+12,2.58550e+12
8.15184e+00,5.66527e+13,6.43894e+12,2.59526e+12
8.16977e+00,5.66527e+13,6.44833e+12,2.60505e+12
8.18774e+00,5.66527e+13,6.45771e+12,2.61488e+12
8.20575e+00,5.66527e+13,6.46709e+12,2.62475e+12
8.22380e+00,5.66526e+13,6.47647e+12,2.63465e+12
8.24189e+00,5.66526e+13,6.48584e+12,2.64459e+12
8.26002e+00,5.66526e+13,6.49520e+12,2.65456e+12
8.27819e+00,5.66525e+13,6.50456e+12,2.66457e+12
8.29639e+00,5.66525e+13,6.51392e+12,2.67462e+12
8.31464e+00,5.66525e+13,6.52327e+12,2.68470e+12
8.33293e+00,5.66524e+13,6.53261e+12,2.69482e+12
8.35126e+00,5.66524e+13,6.54196e+12,2.70498e+12
8.36963e+00,5.66524e+13,6.55129e+12,2.71517e+12
8.38804e+00,5.66523e+13,6.56062e+12,2.72540e+12
8.40649e+00,5.66523e+13,6.56995e+12,2.73566e+12
8.42498e+00,5.66523e+13,6.57927e+12,2.74597e+12
8.44352e+00,5.66522e+13,6.58859e+12,2.75631e+12
8.46209e+00,5.66522e+13,6.59791e+12,2.76668e+12
8.48070e+00,5.66522e+13,6.60722e+12,2.77710e+12
8.49936e+00,5.66521e+13,6.61652e+12,2.78755e+12
8.51805e+00,5.66521e+13,6.62582e+12,2.79804e+12
8.53679e+00,5.66521e+13,6.63512e+12,2.80857e+12
8.55557e+00,5.66520e+13,6.64441e+12,2.81913e+12
8.57439e+00,5.66520e+13,6.65370e+12,2.82973e+12
8.59325e+00,5.66520e+13,6.66298e+12,2.84038e+12
8.61215e+00,5.66519e+13,6.67226e+12,2.85105e+12
8.63109e+00,5.66519e+13,6.68153e+12,2.86177e+12
8.65008e+00,5.66518e+13,6.69080e+12,2.87252e+12
8.66910e+00,5.66518e+13,6.70007e+12,2.88332e+12
8.68817e+00,5.66518e+13,6.70933e+12,2.89415e+12
8.70728e+00,5.66517e+13,6.71859e+12,2.90502e+12
8.72644e+00,5.66517e+13,6.72784e+12,2.91592e+12
8.74563e+00,5.66517e+13,6.73709e+12,2.92687e+12
8.76487e+00,5.66516e+13,6.74634e+12,2.93785e+12
8.78415e+00,5.66516e+13,6.75558e+12,2.94888e+12
8.80347e+00,5.66516e+13,6.76482e+12,2.95994e+12
8.82284e+00,5.66515e+13,6.77405e+12,2.97104e+12
8.84224e+00,5.66515e+13,6.78328e+12,2.98218e+12
8.86169e+00,5.66514e+13,6.79251e+12,2.99336e+12
8.88118e+00,5.66514e+13,6.80173e+12,3.00458e+12
8.90072e+00,5.66514e+13,6.81095e+12,3.01584e+12
8.92030e+00,5.66513e+13,6.82017e+12,3.02713e+12
8.93992e+00,5.66513e+13,6.82938e+12,3.03847e+12
8.95958e+00,5.66513e+13,6.83859e+12,3.04984e+12
8.97929e+00,5.66512e+13,6.84779e+12,3.06126e+12
8.99904e+00,5.66512e+13,6.85699e+12,3.07272e+12
9.01884e+00,5.66511e+13,6.86619e+12,3.08421e+12
9.03868e+00,5.66511e+13,6.87538e+12,3.09575e+12
9.05856e+00,5.66511e+13,6.88458e+12,3.10732e+12
9.07848e+00,5.66510e+13,6.89376e+12,3.11894e+12
9.09845e+00,5.66510e+13,6.90295e+12,3.13059e+12
9.11847e+00,5.66509e+13,6.91213e+12,3.14229e+12
9.13852e+00,5.66509e+13,6.92131e+12,3.15402e+12
9.15863e+00,5.66509e+13,6.93048e+12,3.16580e+12
9.17877e+00,5.66508e+13,6.93965e+12,3.17762e+12
9.19896e+00,5.66508e+13,6.94882e+12,3.18947e+12
9.21920e+00,5.66507e+13,6.95799e+12,3.20137e+12
9.23947e+00,5.66507e+13,6.96715e+12,3.21331e+12
9.25980e+00,5.66507e+13,6.97631e+12,3.22529e+12
9.28017e+00,5.66506e+13,6.98547e+12,3.23731e+12
9.30058e+00,5.66506e+13,6.99462e+12,3.24937e+12
9.32104e+00,5.66505e+13,7.00378e+12,3.26148e+12
9.34154e+00,5.66505e+13,7.01293e+12,3.27362e+12
9.36209e+00,5.66505e+13,7.02207e+12,3.28581e+12
9.38268e+00,5.66504e+13,7.03122e+12,3.29803e+12
9.40332e+00,5.66504e+13,7.04036e+12,3.31030e+12
9.42400e+00,5.66503e+13,7.04950e+12,3.32261e+12
9.44473e+00,5.66503e+13,7.05864e+12,3.33496e+12
9.46551e+00,5.66503e+13,7.06777e+12,3.34736e+12
9.48633e+00,5.66502e+13,7.07690e+12,3.35979e+12
9.50720e+00,5.66502e+13,7.08604e+12,3.37227e+12
9.52811e+00,5.66501e+13,7.09516e+12,3.38479e+12
9.54907e+00,5.66501e+13,7.10429e+12,3.39735e+12
9.57007e+00,5.66500e+13,7.11342e+12,3.40995e+12
9.59112e+00,5.66500e+13,7.12254e+12,3.42260e+12
9.61222e+00,5.66500e+13,7.13166e+12,3.43528e+12
9.63336e+00,5.66499e+13,7.14078e+12,3.44802e+12
9.65455e+00,5.66499e+13,7.14990e+12,3.46079e+12
9.67579e+00,5.66498e+13,7.15902e+12,3.47360e+12
9.69707e+00,5.66498e+13,7.16813e+12,3.48646e+12
9.71840e+00,5.66497e+13,7.17724e+12,3.49936e+12
9.73978e+00,5.66497e+13,7.18636e+12,3.51231e+12
9.76120e+00,5.66496e+13,7.19547e+12,3.52529e+12
9.78267e+00,5.66496e+13,7.20458e+12,3.53832e+12
9.80419e+00,5.66495e+13,7.21369e+12,3.55139e+12
9.82576e+00,5.66495e+13,7.22279e+12,3.56451e+12
9.84737e+00,5.66495e+13,7.23190e+12,3.57767e+12
9.86903e+00,5.66494e+13,7.24100e+12,3.59087e+12
9.89074e+00,5.66494e+13,7.25011e+12,3.60412e+12
9.91250e+00,5.66493e+13,7.25921e+12,3.61740e+12
9.93430e+00,5.66493e+13,7.26832e+12,3.63074e+12
9.95615e+00,5.66492e+13,7.27742e+12,3.64411e+12
9.97805e+00,5.66492e+13,7.28652e+12,3.65753e+12
1.00000e+01,5.66491e+13,7.29562e+12,3.67100e+12
1.00220e+01,5.66491e+13,7.30473e+12,3.68450e+12
1.00440e+01,5.66490e+13,7.31383e+12,3.69806e+12
1.00661e+01,5.66490e+13,7.32293e+12,3.71165e+12
1.00883e+01,5.66489e+13,7.33203e+12,3.72529e+12
1.01105e+01,5.66489e+13,7.34113e+12,3.73898e+12
1.01327e+01,5.66488e+13,7.35023e+12,3.75270e+12
1.01550e+01,5.66488e+13,7.35933e+12,3.76648e+12
1.01773e+01,5.66487e+13,7.36843e+12,3.78029e+12
1.01997e+01,5.66487e+13,7.37754e+12,3.79415e+12
1.02222e+01,5.66486e+13,7.38664e+12,3.80806e+12
1.02446e+01,5.66486e+13,7.39574e+12,3.82201e+12
1.02672e+01,5.66485e+13,7.40484e+12,3.83601e+12
1.02898e+01,5.66485e+13,7.41395e+12,3.85005e+12
1.03124e+01,5.66484e+13,7.42305e+12,3.86413e+12
1.03351e+01,5.66484e+13,7.43216e+12,3.87826e+12
1.03578e+01,5.66483e+13,7.44127e+12,3.89244e+12
1.03806e+01,5.66483e+13,7.45037e+12,3.90666e+12
1.04034e+01,5.66482e+13,7.45948e+12,3.92092e+12
1.04263e+01,5.66482e+13,7.46859e+12,3.93523e+12
1.04492e+01,5.66481e+13,7.47771e+12,3.94959e+12
1.04722e+01,5.66481e+13,7.48682e+12,3.96399e+12
1.04953e+01,5.66480e+13,7.49593e+12,3.97844e+12
1.05183e+01,5.66480e+13,7.50505e+12,3.99293e+12
1.05415e+01,5.66479e+13,7.51417e+12,4.00747e+12
1.05647e+01,5.66479e+13,7.52329e+12,4.02205e+12
1.05879e+01,5.66478e+13,7.53241e+12,4.03668e+12
1.06112e+01,5.66478e+13,7.54153e+12,4.05136e+12
1.06345e+01,5.66477e+13,7.55066e+12,4.06608e+12
1.06579e+01,5.66477e+13,7.55979e+12,4.08085e+12
1.06814e+01,5.66476e+13,7.56892e+12,4.09566e+12
1.07049e+01,5.66476e+13,7.57805e+12,4.11052e+12
1.07284e+01,5.66475e+13,7.58719e+12,4.12543e+12
1.07520e+01,5.66474e+13,7.59633e+12,4.14038e+12
1.07757e+01,5.66474e+13,7.60547e+12,4.15538e+12
1.07994e+01,5.66473e+13,7.61462e+12,4.17042e+12
1.08231e+01,5.66473e+13,7.62376e+12,4.18552e+12
1.08469e+01,5.66472e+13,7.63291e+12,4.20065e+12
1.08708e+01,5.66472e+13,7.64207e+12,4.21584e+12
1.08947e+01,5.66471e+13,7.65123e+12,4.23107e+12
1.09187e+01,5.66471e+13,7.66039e+12,4.24635e+12
1.09427e+01,5.66470e+13,7.66955e+12,4.26168e+12
1.09668e+01,5.66469e+13,7.67872e+12,4.27705e+12
1.09909e+01,5.66469e+13,7.68789e+12,4.29247e+12
1.10151e+01,5.66468e+13,7.69707e+12,4.30794e+12
1.10393e+01,5.66468e+13,7.70625e+12,4.32345e+12
1.10636e+01,5.66467e+13,7.71543e+12,4.33901e+12
1.10879e+01,5.66467e+13,7.72462e+12,4.35462e+12
1.11123e+01,5.66466e+13,7.73381e+12,4.37028e+12
1.11367e+01,5.66465e+13,7.74301e+12,4.38598e+12
1.11612e+01,5.66465e+13,7.75221e+12,4.40173e+12
1.11858e+01,5.66464e+13,7.76142e+12,4.41753e+12
1.12104e+01,5.66464e+13,7.77063e+12,4.43337e+12
1.12350e+01,5.66463e+13,7.77985e+12,4.44927e+12
1.12598e+01,5.66462e+13,7.78907e+12,4.46521e+12
1.12845e+01,5.66462e+13,7.79830e+12,4.48120e+12
1.13093e+01,5.66461e+13,7.80754e+12,4.49724e+12
1.13342e+01,5.66461e+13,7.81677e+12,4.51332e+12
1.13592e+01,5.66460e+13,7.82602e+12,4.52946e+12
1.13841e+01,5.66459e+13,7.83527e+12,4.54564e+12
1.14092e+01,5.66459e+13,7.84453e+12,4.56187e+12
1.14343e+01,5.66458e+13,7.85379e+12,4.57815e+12
1.14594e+01,5.66458e+13,7.86306e+12,4.59447e+12
1.14846e+01,5.66457e+13,7.87233e+12,4.61085e+12
1.15099e+01,5.66456e+13,7.88161e+12,4.62727e+12
1.15352e+01,5.66456e+13,7.89090e+12,4.64374e+12
1.15606e+01,5.66455e+13,7.90020e+12,4.66027e+12
1.15860e+01,5.66454e+13,7.90950e+12,4.67684e+12
1.16115e+01,5.66454e+13,7.91881e+12,4.69345e+12
1.16370e+01,5.66453e+13,7.92813e+12,4.71012e+12
1.16626e+01,5.66452e+13,7.93745e+12,4.72684e+12
1.16883e+01,5.66452e+13,7.94678e+12,4.74360e+12
1.17140e+01,5.66451e+13,7.95612e+12,4.76042e+12
1.17398e+01,5.66451e+13,7.96547e+12,4.77728e+12
1.17656e+01,5.66450e+13,7.97482e+12,4.79419e+12
1.17915e+01,5.66449e+13,7.98418e+12,4.81115e+12
1.18174e+01,5.66449e+13,7.99355e+12,4.82816e+12
1.18434e+01,5.66448e+13,8.00293e+12,4.84523e+12
1.18695e+01,5.66447e+13,8.01232e+12,4.86233e+12
1.18956e+01,5.66447e+13,8.02172e+12,4.87949e+12
1.19217e+01,5.66446e+13,8.03112e+12,4.89670e+12
1.19480e+01,5.66445e+13,8.04054e+12,4.91396e+12
1.19742e+01,5.66445e+13,8.04996e+12,4.93127e+12
1.20006e+01,5.66444e+13,8.05939e+12,4.94863e+12
1.20270e+01,5.66443e+13,8.06884e+12,4.96604e+12
1.20534e+01,5.66442e+13,8.07829e+12,4.98349e+12
1.20799e+01,5.66442e+13,8.08775e+12,5.00100e+12
1.21065e+01,5.66441e+13,8.09722e+12,5.01856e+12
1.21331e+01,5.66440e+13,8.10670e+12,5.03617e+12
1.21598e+01,5.66440e+13,8.11620e+12,5.05383e+12
1.21866e+01,5.66439e+13,8.12570e+12,5.07153e+12
1.22134e+01,5.66438e+13,8.13521e+12,5.08929e+12
1.22403e+01,5.66438e+13,8.14474e+12,5.10710e+12
1.22672e+01,5.66437e+13,8.15427e+12,5.12496e+12
1.22942e+01,5.66436e+13,8.16382e+12,5.14287e+12
1.23212e+01,5.66435e+13,8.17337e+12,5.16083e+12
1.23483e+01,5.66435e+13,8.18294e+12,5.17884e+12
1.23755e+01,5.66434e+13,8.19252e+12,5.19691e+12
1.24027e+01,5.66433e+13,8.20211e+12,5.21502e+12
1.24300e+01,5.66433e+13,8.21172e+12,5.23318e+12
1.24573e+01,5.66432e+13,8.22133e+12,5.25140e+12
1.24847e+01,5.66431e+13,8.23096e+12,5.26966e+12
1.25122e+01,5.66430e+13,8.24060e+12,5.28798e+12
1.25397e+01,5.66430e+13,8.25026e+12,5.30635e+12
1.25673e+01,5.66429e+13,8.25992e+12,5.32476e+12
1.25949e+01,5.66428e+13,8.26960e+12,5.34323e+12
1.26226e+01,5.66427e+13,8.27929e+12,5.36176e+12
1.26504e+01,5.66427e+13,8.28900e+12,5.38033e+12
1.26782e+01,5.66426e+13,8.29872e+12,5.39895e+12
1.27061e+01,5.66425e+13,8.30845e+12,5.41763e+12
1.27341e+01,5.66424e+13,8.31820e+12,5.43636e+12
1.27621e+01,5.66424e+13,8.32796e+12,5.45514e+12
1.27901e+01,5.66423e+13,8.33774e+12,5.47397e+12
1.28183e+01,5.66422e+13,8.34753e+12,5.49285e+12
1.28465e+01,5.66421e+13,8.35733e+12,5.51178e+12
1.28747e+01,5.66420e+13,8.36715e+12,5.53077e+12
1.29030e+01,5.66420e+13,8.37698e+12,5.54981e+12
1.29314e+01,5.66419e+13,8.38683e+12,5.56890e+12
1.29599e+01,5.66418e+13,8.39670e+12,5.58804e+12
1.29884e+01,5.66417e+13,8.40658e+12,5.60723e+12
1.30169e+01,5.66416e+13,8.41648e+12,5.62648e+12
1.30456e+01,5.66416e+13,8.42639e+12,5.64578e+12
1.30743e+01,5.66415e+13,8.43632e+12,5.66513e+12
1.31030e+01,5.66414e+13,8.44626e+12,5.68454e+12
1.31319e+01,5.66413e+13,8.45623e+12,5.70399e+12
1.31607e+01,5.66412e+13,8.46621e+12,5.72350e+12
1.31897e+01,5.66412e+13,8.47620e+12,5.74307e+12
1.32187e+01,5.66411e+13,8.48622e+12,5.76268e+12
1.32478e+01,5.66410e+13,8.49625e+12,5.78235e+12
1.32769e+01,5.66409e+13,8.50629e+12,5.80207e+12
1.33061e+01,5.66408e+13,8.51636e+12,5.82184e+12
1.33354e+01,5.66407e+13,8.52645e+12,5.84167e+12
1.33647e+01,5.66407e+13,8.53655e+12,5.86155e+12
1.33941e+01,5.66406e+13,8.54667e+12,5.88148e+12
1.34236e+01,5.66405e+13,8.55681e+12,5.90147e+12
1.34531e+01,5.66404e+13,8.56697e+12,5.92151e+12
1.34827e+01,5.66403e+13,8.57715e+12,5.94160e+12
1.35124e+01,5.66402e+13,8.58735e+12,5.96175e+12
1.35421e+01,5.66401e+13,8.59756e+12,5.98195e+12
1.35719e+01,5.66401e+13,8.60780e+12,6.00220e+12
1.36017e+01,5.66400e+13,8.61806e+12,6.02251e+12
1.36316e+01,5.66399e+13,8.62834e+12,6.04287e+12
1.36616e+01,5.66398e+13,8.63864e+12,6.06329e+12
1.36917e+01,5.66397e+13,8.64896e+12,6.08375e+12
1.37218e+01,5.66396e+13,8.65930e+12,6.10428e+12
1.37520e+01,5.66395e+13,8.66966e+12,6.12486e+12
1.37822e+01,5.66394e+13,8.68004e+12,6.14549e+12
1.38125e+01,5.66393e+13,8.69044e+12,6.16617e+12
1.38429e+01,5.66393e+13,8.70087e+12,6.18691e+12
1.38734e+01,5.66392e+13,8.71132e+12,6.20771e+12
1.39039e+01,5.66391e+13,8.72179e+12,6.22856e+12
1.39345e+01,5.66390e+13,8.73229e+12,6.24946e+12
1.39651e+01,5.66389e+13,8.74280e+12,6.27042e+12
1.39958e+01,5.66388e+13,8.75334e+12,6.29143e+12
1.40266e+01,5.66387e+13,8.76391e+12,6.31250e+12
1.40575e+01,5.66386e+13,8.77449e+12,6.33362e+12
1.40884e+01,5.66385e+13,8.78511e+12,6.35480e+12
1.41194e+01,5.66384e+13,8.79574e+12,6.37604e+12
1.41505e+01,5.66383e+13,8.80640e+12,6.39732e+12
1.41816e+01,5.66382e+13,8.81709e+12,6.41867e+12
1.42128e+01,5.66381e+13,8.82780e+12,6.44007e+12
1.42440e+01,5.66380e+13,8.83853e+12,6.46152e+12
1.42754e+01,5.66379e+13,8.84929e+12,6.48303e+12
1.43068e+01,5.66378e+13,8.86008e+12,6.50460e+12
1.43382e+01,5.66377e+13,8.87089e+12,6.52622e+12
1.43698e+01,5.66377e+13,8.88173e+12,6.54790e+12
1.44014e+01,5.66376e+13,8.89259e+12,6.56963e+12
1.44331e+01,5.66375e+13,8.90348e+12,6.59142e+12
1.44648e+01,5.66374e+13,8.91440e+12,6.61326e+12
1.44966e+01,5.66373e+13,8.92535e+12,6.63517e+12
1.45285e+01,5.66372e+13,8.93632e+12,6.65712e+12
1.45605e+01,5.66371e+13,8.94732e+12,6.67914e+12
1.45925e+01,5.66370e+13,8.95835e+12,6.70121e+12
1.46246e+01,5.66369e+13,8.96941e+12,6.72334e+12
1.46568e+01,5.66368e+13,8.98049e+12,6.74552e+12
1.46890e+01,5.66367e+13,8.99161e+12,6.76776e+12
1.47213e+01,5.66365e+13,9.00276e+12,6.79006e+12
1.47537e+01,5.66364e+13,9.01393e+12,6.81242e+12
1.47862e+01,5.66363e+13,9.02513e+12,6.83483e+12
1.48187e+01,5.66362e+13,9.03637e+12,6.85730e+12
1.48513e+01,5.66361e+13,9.04763e+12,6.87983e+12
1.48839e+01,5.66360e+13,9.05893e+12,6.90241e+12
1.49167e+01,5.66359e+13,9.07025e+12,6.92506e+12
1.49495e+01,5.66358e+13,9.08161e+12,6.94776e+12
1.49824e+01,5.66357e+13,9.09300e+12,6.97051e+12
1.50153e+01,5.66356e+13,9.10442e+12,6.99333e+12
1.50484e+01,5.66355e+13,9.11588e+12,7.01620e+12
1.50815e+01,5.66354e+13,9.12736e+12,7.03914e+12
1.51146e+01,5.66353e+13,9.13888e+12,7.06213e+12
1.51479e+01,5.66352e+13,9.15043e+12,7.08518e+12
1.51812e+01,5.66351e+13,9.16202e+12,7.10829e+12
1.52146e+01,5.66350e+13,9.17364e+12,7.13145e+12
1.52481e+01,5.66348e+13,9.18529e+12,7.15468e+12
1.52816e+01,5.66347e+13,9.19698e+12,7.17796e+12
1.53152e+01,5.66346e+13,9.20870e+12,7.20131e+12
1.53489e+01,5.66345e+13,9.22046e+12,7.22471e+12
1.53827e+01,5.66344e+13,9.23225e+12,7.24818e+12
1.54165e+01,5.66343e+13,9.24408e+12,7.27170e+12
1.54504e+01,5.66342e+13,9.25594e+12,7.29528e+12
1.54844e+01,5.66341e+13,9.26785e+12,7.31892e+12
1.55185e+01,5.66340e+13,9.27978e+12,7.34263e+12
1.55526e+01,5.66338e+13,9.29176e+12,7.36639e+12
1.55868e+01,5.66337e+13,9.30377e+12,7.39021e+12
1.56211e+01,5.66336e+13,9.31582e+12,7.41410e+12
1.56554e+01,5.66335e+13,9.32791e+12,7.43804e+12
1.56899e+01,5.66334e+13,9.34003e+12,7.46205e+12
1.57244e+01,5.66333e+13,9.35220e+12,7.48611e+12
1.57590e+01,5.66331e+13,9.36440e+12,7.51024e+12
1.57936e+01,5.66330e+13,9.37664e+12,7.53443e+12
1.58284e+01,5.66329e+13,9.38892e+12,7.55869e+12
1.58632e+01,5.66328e+13,9.40125e+12,7.58300e+12
1.58981e+01,5.66327e+13,9.41361e+12,7.60737e+12
1.59331e+01,5.66325e+13,9.42601e+12,7.63181e+12
1.59681e+01,5.66324e+13,9.43846e+12,7.65631e+12
1.60032e+01,5.66323e+13,9.45095e+12,7.68088e+12
1.60384e+01,5.66322e+13,9.46347e+12,7.70550e+12
1.60737e+01,5.66321e+13,9.47604e+12,7.73019e+12
1.61091e+01,5.66319e+13,9.48866e+12,7.75495e+12
1.61445e+01,5.66318e+13,9.50131e+12,7.77976e+12
1.61800e+01,5.66317e+13,9.51401e+12,7.80465e+12
1.62156e+01,5.66316e+13,9.52676e+12,7.82959e+12
1.62513e+01,5.66314e+13,9.53954e+12,7.85460e+12
1.62870e+01,5.66313e+13,9.55237e+12,7.87967e+12
1.63229e+01,5.66312e+13,9.56525e+12,7.90481e+12
1.63588e+01,5.66311e+13,9.57817e+12,7.93002e+12
1.63947e+01,5.66309e+13,9.59114e+12,7.95529e+12
1.64308e+01,5.66308e+13,9.60415e+12,7.98063e+12
1.64669e+01,5.66307e+13,9.61721e+12,8.00603e+12
1.65032e+01,5.66306e+13,9.63032e+12,8.03150e+12
1.65395e+01,5.66304e+13,9.64347e+12,8.05703e+12
1.65758e+01,5.66303e+13,9.65668e+12,8.08263e+12
1.66123e+01,5.66302e+13,9.66993e+12,8.10831e+12
1.66489e+01,5.66300e+13,9.68322e+12,8.13404e+12
1.66855e+01,5.66299e+13,9.69657e+12,8.15985e+12
1.67222e+01,5.66298e+13,9.70997e+12,8.18572e+12
1.67590e+01,5.66296e+13,9.72341e+12,8.21167e+12
1.67958e+01,5.66295e+13,9.73691e+12,8.23768e+12
1.68328e+01,5.66294e+13,9.75045e+12,8.26376e+12
1.68698e+01,5.66292e+13,9.76405e+12,8.28992e+12
1.69069e+01,5.66291e+13,9.77770e+12,8.31614e+12
1.69441e+01,5.66290e+13,9.79140e+12,8.34244e+12
1.69814e+01,5.66288e+13,9.80515e+12,8.36880e+12
1.70187e+01,5.66287e+13,9.81895e+12,8.39524e+12
1.70561e+01,5.66286e+13,9.83281e+12,8.42175e+12
1.70937e+01,5.66284e+13,9.84672e+12,8.44834e+12
1.71313e+01,5.66283e+13,9.86068e+12,8.47499e+12
1.71689e+01,5.66281e+13,9.87470e+12,8.50172e+12
1.72067e+01,5.66280e+13,9.88878e+12,8.52853e+12
1.72446e+01,5.66279e+13,9.90291e+12,8.55541e+12
1.72825e+01,5.66277e+13,9.91709e+12,8.58237e+12
1.73205e+01,5.66276e+13,9.93133e+12,8.60940e+12
1.73586e+01,5.66274e+13,9.94563e+12,8.63651e+12
1.73968e+01,5.66273e+13,9.95998e+12,8.66370e+12
1.74351e+01,5.66271e+13,9.97439e+12,8.69097e+12
1.74734e+01,5.66270e+13,9.98886e+12,8.71832e+12
1.75118e+01,5.66269e+13,1.00034e+13,8.74574e+12
1.75504e+01,5.66267e+13,1.00180e+13,8.77325e+12
1.75890e+01,5.66266e+13,1.00326e+13,8.80084e+12
1.76277e+01,5.66264e+13,1.00473e+13,8.82851e+12
1.76664e+01,5.66263e+13,1.00621e+13,8.85626e+12
1.77053e+01,5.66261e+13,1.00769e+13,8.88410e+12
1.77442e+01,5.66260e+13,1.00918e+13,8.91202e+12
1.77833e+01,5.66258e+13,1.01068e+13,8.94003e+12
1.78224e+01,5.66257e+13,1.01218e+13,8.96813e+12
1.78616e+01,5.66255e+13,1.01368e+13,8.99631e+12
1.79009e+01,5.66254e+13,1.01520e+13,9.02458e+12
1.79403e+01,5.66252e+13,1.01672e+13,9.05295e+12
1.79797e+01,5.66251e+13,1.01824e+13,9.08140e+12
1.80193e+01,5.66249e+13,1.01978e+13,9.10995e+12
1.80589e+01,5.66248e+13,1.02132e+13,9.13859e+12
1.80986e+01,5.66246e+13,1.02286e+13,9.16733e+12
1.81384e+01,5.66245e+13,1.02441e+13,9.19616e+12
1.81783e+01,5.66243e+13,1.02597e+13,9.22509e+12
1.82183e+01,5.66241e+13,1.02754e+13,9.25412e+12
1.82584e+01,5.66240e+13,1.02911e+13,9.28325e+12
1.82986e+01,5.66238e+13,1.03069e+13,9.31248e+12
1.83388e+01,5.66237e+13,1.03228e+13,9.34182e+12
1.83791e+01,5.66235e+13,1.03387e+13,9.37126e+12
1.84196e+01,5.66233e+13,1.03547e+13,9.40081e+12
1.84601e+01,5.66232e+13,1.03708e+13,9.43047e+12
1.85007e+01,5.66230e+13,1.03869e+13,9.46024e+12
1.85414e+01,5.66229e+13,1.04031e+13,9.49012e+12
1.85822e+01,5.66227e+13,1.04194e+13,9.52012e+12
1.86230e+01,5.66225e+13,1.04358e+13,9.55023e+12
1.86640e+01,5.66224e+13,1.04522e+13,9.58047e+12
1.87051e+01,5.66222e+13,1.04687e+13,9.61083e+12
1.87462e+01,5.66220e+13,1.04853e+13,9.64131e+12
1.87874e+01,5.66219e+13,1.05019e+13,9.67192e+12
1.88288e+01,5.66217e+13,1.05187e+13,9.70265e+12
1.88702e+01,5.66215e+13,1.05355e+13,9.73352e+12
1.89117e+01,5.66214e+13,1.05523e+13,9.76453e+12
1.89533e+01,5.66212e+13,1.05693e+13,9.79567e+12
1.89950e+01,5.66210e+13,1.05863e+13,9.82695e+12
1.90368e+01,5.66209e+13,1.06034e+13,9.85838e+12
1.90786e+01,5.66207e+13,1.06206e+13,9.88995e+12
1.91206e+01,5.66205e+13,1.06379e+13,9.92167e+12
1.91627e+01,5.66203e+13,1.06552e+13,9.95355e+12
1.92048e+01,5.66202e+13,1.06726e+13,9.98558e+12
1.92471e+01,5.66200e+13,1.06901e+13,1.00178e+13
1.92894e+01,5.66198e+13,1.07077e+13,1.00501e+13
1.93318e+01,5.66196e+13,1.07254e+13,1.00827e+13
1.93743e+01,5.66195e+13,1.07431e+13,1.01154e+13
1.94170e+01,5.66193e+13,1.07610e+13,1.01482e+13
1.94597e+01,5.66191e+13,1.07789e+13,1.01813e+13
1.95025e+01,5.66189e+13,1.07969e+13,1.02145e+13
1.95454e+01,5.66187e+13,1.08150e+13,1.02479e+13
1.95884e+01,5.66186e+13,1.08331e+13,1.02816e+13
1.96315e+01,5.66184e+13,1.08514e+13,1.03154e+13
1.96746e+01,5.66182e+13,1.08697e+13,1.03494e+13
1.97179e+01,5.66180e+13,1.08881e+13,1.03836e+13
1.97613e+01,5.66178e+13,1.09067e+13,1.04181e+13
1.98048e+01,5.66176e+13,1.09252e+13,1.04527e+13
1.98483e+01,5.66175e+13,1.09439e+13,1.04876e+13
1.98920e+01,5.66173e+13,1.09627e+13,1.05227e+13
1.99357e+01,5.66171e+13,1.09816e+13,1.05580e+13
1.99796e+01,5.66169e+13,1.10005e+13,1.05935e+13
2.00235e+01,5.66167e+13,1.10196e+13,1.06293e+13
2.00676e+01,5.66165e+13,1.10387e+13,1.06653e+13
2.01117e+01,5.66163e+13,1.10579e+13,1.07016e+13
2.01560e+01,5.66161e+13,1.10772e+13,1.07381e+13
2.02003e+01,5.66159e+13,1.10967e+13,1.07748e+13
2.02447e+01,5.66157e+13,1.11162e+13,1.08119e+13
2.02893e+01,5.66156e+13,1.11358e+13,1.08491e+13
2.03339e+01,5.66154e+13,1.11555e+13,1.08866e+13
2.03786e+01,5.66152e+13,1.11752e+13,1.09244e+13
2.04234e+01,5.66150e+13,1.11951e+13,1.09624e+13
2.04684e+01,5.66148e+13,1.12151e+13,1.10006e+13
2.05134e+01,5.66146e+13,1.12352e+13,1.10391e+13
2.05585e+01,5.66144e+13,1.12553e+13,1.10779e+13
2.06037e+01,5.66142e+13,1.12756e+13,1.11168e+13
2.06490e+01,5.66140e+13,1.12960e+13,1.11560e+13
2.06945e+01,5.66138e+13,1.13164e+13,1.11955e+13
2.07400e+01,5.66136e+13,1.13370e+13,1.12351e+13
2.07856e+01,5.66134e+13,1.13577e+13,1.12749e+13
2.08313e+01,5.66132e+13,1.13784e+13,1.13149e+13
2.08772e+01,5.66129e+13,1.13993e+13,1.13551e+13
2.09231e+01,5.66127e+13,1.14203e+13,1.13954e+13
2.09691e+01,5.66125e+13,1.14413e+13,1.14359e+13
2.10152e+01,5.66123e+13,1.14625e+13,1.14765e+13
2.10614e+01,5.66121e+13,1.14838e+13,1.15171e+13
2.11078e+01,5.66119e+13,1.15052e+13,1.15578e+13
2.11542e+01,5.66117e+13,1.15266e+13,1.15986e+13
2.12007e+01,5.66115e+13,1.15482e+13,1.16393e+13
2.12474e+01,5.66113e+13,1.15699e+13,1.16800e+13
2.12941e+01,5.66111e+13,1.15917e+13,1.17207e+13
2.13409e+01,5.66108e+13,1.16136e+13,1.17612e+13
2.13879e+01,5.66106e+13,1.16356e+13,1.18016e+13
2.14349e+01,5.66104e+13,1.16577e+13,1.18418e+13
2.14821e+01,5.66102e+13,1.16799e+13,1.18818e+13
2.15293e+01,5.66100e+13,1.17023e+13,1.19216e+13
2.15767e+01,5.66098e+13,1.17247e+13,1.19611e+13
2.16242e+01,5.66095e+13,1.17472e+13,1.20002e+13
2.16717e+01,5.66093e+13,1.17699e+13,1.20391e+13
2.17194e+01,5.66091e+13,1.17926e+13,1.20775e+13
2.17672e+01,5.66089e+13,1.18155e+13,1.21155e+13
2.18150e+01,5.66086e+13,1.18385e+13,1.21530e+13
2.18630e+01,5.66084e+13,1.18616e+13,1.21901e+13
2.19111e+01,5.66082e+13,1.18848e+13,1.22267e+13
2.19593e+01,5.66080e+13,1.19081e+13,1.22628e+13
2.20076e+01,5.66077e+13,1.19315e+13,1.22984e+13
2.20560e+01,5.66075e+13,1.19550e+13,1.23335e+13
2.21045e+01,5.66073e+13,1.19787e+13,1.23680e+13
2.21532e+01,5.66070e+13,1.20024e+13,1.24020e+13
2.22019e+01,5.66068e+13,1.20263e+13,1.24354e+13
2.22507e+01,5.66066e+13,1.20503e+13,1.24684e+13
2.22997e+01,5.66063e+13,1.20744e+13,1.25008e+13
2.23487e+01,5.66061e+13,1.20986e+13,1.25328e+13
2.23979e+01,5.66059e+13,1.21229e+13,1.25642e+13
2.24472e+01,5.66056e+13,1.21473e+13,1.25953e+13
2.24965e+01,5.66054e+13,1.21719e+13,1.26259e+13
2.25460e+01,5.66052e+13,1.21965e+13,1.26561e+13
2.25956e+01,5.66049e+13,1.22213e+13,1.26859e+13
2.26453e+01,5.66047e+13,1.22462e+13,1.27154e+13
2.26951e+01,5.66044e+13,1.22712e+13,1.27446e+13
2.27450e+01,5.66042e+13,1.22963e+13,1.27735e+13
2.27951e+01,5.66039e+13,1.23215e+13,1.28022e+13
2.28452e+01,5.66037e+13,1.23468e+13,1.28307e+13
2.28955e+01,5.66034e+13,1.23723e+13,1.28589e+13
2.29458e+01,5.66032e+13,1.23978e+13,1.28870e+13
2.29963e+01,5.66029e+13,1.24235e+13,1.29150e+13
2.30469e+01,5.66027e+13,1.24493e+13,1.29428e+13
2.30976e+01,5.66024e+13,1.24752e+13,1.29706e+13
2.31484e+01,5.66022e+13,1.25012e+13,1.29983e+13
2.31993e+01,5.66019e+13,1.25273e+13,1.30260e+13
2.32503e+01,5.66017e+13,1.25535e+13,1.30537e+13
2.33015e+01,5.66014e+13,1.25799e+13,1.30814e+13
2.33527e+01,5.66012e+13,1.26063e+13,1.31091e+13
2.34041e+01,5.66009e+13,1.26329e+13,1.31369e+13
2.34556e+01,5.66006e+13,1.26595e+13,1.31647e+13
2.35072e+01,5.66004e+13,1.26863e+13,1.31926e+13
2.35589e+01,5.66001e+13,1.27132e+13,1.32206e+13
2.36107e+01,5.65999e+13,1.27402e+13,1.32487e+13
2.36626e+01,5.65996e+13,1.27673e+13,1.32769e+13
2.37147e+01,5.65993e+13,1.27945e+13,1.33052e+13
2.37668e+01,5.65991e+13,1.28218e+13,1.33336e+13
2.38191e+01,5.65988e+13,1.28492e+13,1.33621e+13
2.38715e+01,5.65985e+13,1.28767e+13,1.33908e+13
2.39240e+01,5.65983e+13,1.29043e+13,1.34196e+13
2.39767e+01,5.65980e+13,1.29321e+13,1.34486e+13
2.40294e+01,5.65977e+13,1.29599e+13,1.34777e+13
2.40822e+01,5.65974e+13,1.29878e+13,1.35070e+13
2.41352e+01,5.65972e+13,1.30158e+13,1.35364e+13
2.41883e+01,5.65969e+13,1.30439e+13,1.35659e+13
2.42415e+01,5.65966e+13,1.30721e+13,1.35956e+13
2.42948e+01,5.65963e+13,1.31004e+13,1.36255e+13
2.43483e+01,5.65961e+13,1.31288e+13,1.36555e+13
2.44018e+01,5.65958e+13,1.31573e+13,1.36856e+13
2.44555e+01,5.65955e+13,1.31858e+13,1.37159e+13
2.45093e+01,5.65952e+13,1.32145e+13,1.37463e+13
2.45632e+01,5.65949e+13,1.32432e+13,1.37769e+13
2.46172e+01,5.65946e+13,1.32720e+13,1.38077e+13
2.46714e+01,5.65944e+13,1.33009e+13,1.38385e+13
2.47257e+01,5.65941e+13,1.33299e+13,1.38696e+13
2.47800e+01,5.65938e+13,1.33589e+13,1.39007e+13
2.48346e+01,5.65935e+13,1.33880e+13,1.39320e+13
2.48892e+01,5.65932e+13,1.34172e+13,1.39634e+13
2.49439e+01,5.65929e+13,1.34464e+13,1.39950e+13
2.49988e+01,5.65926e+13,1.34757e+13,1.40267e+13
2.50538e+01,5.65923e+13,1.35051e+13,1.40585e+13
2.51089e+01,5.65920e+13,1.35345e+13,1.40904e+13
2.51641e+01,5.65917e+13,1.35640e+13,1.41225e+13
2.52195e+01,5.65914e+13,1.35935e+13,1.41546e+13
2.52750e+01,5.65911e+13,1.36231e+13,1.41869e+13
2.53305e+01,5.65908e+13,1.36527e+13,1.42193e+13
2.53863e+01,5.65905e+13,1.36823e+13,1.42518e+13
2.54421e+01,5.65902e+13,1.37120e+13,1.42845e+13
2.54981e+01,5.65899e+13,1.37417e+13,1.43172e+13
2.55542e+01,5.65896e+13,1.37714e+13,1.43500e+13
2.56104e+01,5.65893e+13,1.38012e+13,1.43829e+13
2.56667e+01,5.65890e+13,1.38309e+13,1.44159e+13
2.57232e+01,5.65887e+13,1.38607e+13,1.44491e+13
2.57797e+01,5.65883e+13,1.38905e+13,1.44823e+13
2.58364e+01,5.65880e+13,1.39202e+13,1.45156e+13
2.58933e+01,5.65877e+13,1.39500e+13,1.45489e+13
2.59502e+01,5.65874e+13,1.39798e+13,1.45824e+13
2.60073e+01,5.65871e+13,1.40095e+13,1.46160e+13
2.60645e+01,5.65868e+13,1.40392e+13,1.46496e+13
2.61219e+01,5.65864e+13,1.40689e+13,1.46833e+13
2.61793e+01,5.65861e+13,1.40985e+13,1.47171e+13
2.62369e+01,5.65858e+13,1.41281e+13,1.47509e+13
2.62946e+01,5.65855e+13,1.41576e+13,1.47849e+13
2.63524e+01,5.65851e+13,1.41871e+13,1.48189e+13
2.64104e+01,5.65848e+13,1.42165e+13,1.48529e+13
2.64685e+01,5.65845e+13,1.42458e+13,1.48870e+13
2.65267e+01,5.65841e+13,1.42751e+13,1.49212e+13
2.65851e+01,5.65838e+13,1.43042e+13,1.49555e+13
2.66436e+01,5.65835e+13,1.43333e+13,1.49898e+13
2.67022e+01,5.65831e+13,1.43622e+13,1.50241e+13
2.67609e+01,5.65828e+13,1.43910e+13,1.50585e+13
2.68198e+01,5.65825e+13,1.44196e+13,1.50930e+13
2.68788e+01,5.65821e+13,1.44482e+13,1.51275e+13
2.69379e+01,5.65818e+13,1.44765e+13,1.51621e+13
2.69971e+01,5.65814e+13,1.45047e+13,1.51967e+13
2.70565e+01,5.65811e+13,1.45327e+13,1.52313e+13
2.71160e+01,5.65807e+13,1.45606e+13,1.52660e+13
2.71757e+01,5.65804e+13,1.45882e+13,1.53007e+13
2.72355e+01,5.65801e+13,1.46156e+13,1.53355e+13
2.72954e+01,5.65797e+13,1.46428e+13,1.53703e+13
2.73554e+01,5.65793e+13,1.46697e+13,1.54051e+13
2.74156e+01,5.65790e+13,1.46964e+13,1.54400e+13
2.74759e+01,5.65786e+13,1.47228e+13,1.54748e+13
2.75363e+01,5.65783e+13,1.47490e+13,1.55098e+13
2.75969e+01,5.65779e+13,1.47748e+13,1.55447e+13
2.76576e+01,5.65776e+13,1.48004e+13,1.55797e+13
2.77184e+01,5.65772e+13,1.48256e+13,1.56147e+13
2.77794e+01,5.65768e+13,1.48504e+13,1.56497e+13
2.78405e+01,5.65765e+13,1.48749e+13,1.56847e+13
2.79017e+01,5.65761e+13,1.48991e+13,1.57198e+13
2.79631e+01,5.65757e+13,1.49228e+13,1.57548e+13
2.80246e+01,5.65754e+13,1.49461e+13,1.57899e+13
2.80863e+01,5.65750e+13,1.49690e+13,1.58250e+13
2.81480e+01,5.65746e+13,1.49914e+13,1.58601e+13
2.82100e+01,5.65742e+13,1.50134e+13,1.58952e+13
2.82720e+01,5.65739e+13,1.50349e+13,1.59303e+13
2.83342e+01,5.65735e+13,1.50559e+13,1.59654e+13
2.83965e+01,5.65731e+13,1.50764e+13,1.60006e+13
2.84590e+01,5.65727e+13,1.50963e+13,1.60357e+13
2.85216e+01,5.65723e+13,1.51157e+13,1.60708e+13
2.85843e+01,5.65720e+13,1.51345e+13,1.61059e+13
2.86472e+01,5.65716e+13,1.51527e+13,1.61411e+13
2.87102e+01,5.65712e+13,1.51702e+13,1.61762e+13
2.87734e+01,5.65708e+13,1.51871e+13,1.62113e+13
2.88367e+01,5.65704e+13,1.52034e+13,1.62464e+13
2.89001e+01,5.65700e+13,1.52190e+13,1.62815e+13
2.89637e+01,5.65696e+13,1.52338e+13,1.63165e+13
2.90274e+01,5.65692e+13,1.52480e+13,1.63516e+13
2.90912e+01,5.65688e+13,1.52613e+13,1.63866e+13
2.91552e+01,5.65684e+13,1.52739e+13,1.64216e+13
2.92193e+01,5.65680e+13,1.52858e+13,1.64567e+13
2.92836e+01,5.65676e+13,1.52968e+13,1.64916e+13
2.93480e+01,5.65672e+13,1.53069e+13,1.65266e+13
2.94126e+01,5.65668e+13,1.53162e+13,1.65615e+13
2.94773e+01,5.65664e+13,1.53247e+13,1.65964e+13
2.95421e+01,5.65660e+13,1.53322e+13,1.66313e+13
2.96071e+01,5.65656e+13,1.53388e+13,1.66662e+13
2.96722e+01,5.65652e+13,1.53445e+13,1.67010e+13
2.97375e+01,5.65647e+13,1.53492e+13,1.67358e+13
2.98029e+01,5.65643e+13,1.53529e+13,1.67705e+13
2.98685e+01,5.65639e+13,1.53557e+13,1.68052e+13
2.99342e+01,5.65635e+13,1.53574e+13,1.68399e+13
3.00000e+01,5.65631e+13,1.53581e+13,1.68745e+13
3.00660e+01,5.65626e+13,1.53578e+13,1.69091e+13
3.01321e+01,5.65622e+13,1.53564e+13,1.69436e+13
3.01984e+01,5.65618e+13,1.53539e+13,1.69781e+13
3.02648e+01,5.65613e+13,1.53503e+13,1.70126e+13
3.03314e+01,5.65609e+13,1.53456e+13,1.70470e+13
3.03981e+01,5.65605e+13,1.53398e+13,1.70813e+13
3.04650e+01,5.65600e+13,1.53329e+13,1.71156e+13
3.05320e+01,5.65596e+13,1.53248e+13,1.71499e+13
3.05992e+01,5.65592e+13,1.53156e+13,1.71840e+13
3.06665e+01,5.65587e+13,1.53052e+13,1.72181e+13
3.07339e+01,5.65583e+13,1.52937e+13,1.72522e+13
3.08015e+01,5.65578e+13,1.52810e+13,1.72862e+13
3.08693e+01,5.65574e+13,1.52672e+13,1.73201e+13
3.09372e+01,5.65569e+13,1.52521e+13,1.73540e+13
3.10052e+01,5.65565e+13,1.52359e+13,1.73878e+13
3.10734e+01,5.65560e+13,1.52186e+13,1.74215e+13
3.11418e+01,5.65556e+13,1.52000e+13,1.74551e+13
3.12103e+01,5.65551e+13,1.51803e+13,1.74887e+13
3.12789e+01,5.65546e+13,1.51594e+13,1.75222e+13
3.13477e+01,5.65542e+13,1.51374e+13,1.75556e+13
3.14167e+01,5.65537e+13,1.51143e+13,1.75889e+13
3.14858e+01,5.65533e+13,1.50900e+13,1.76222e+13
3.15550e+01,5.65528e+13,1.50645e+13,1.76554e+13
3.16245e+01,5.65523e+13,1.50380e+13,1.76884e+13
3.16940e+01,5.65518e+13,1.50103e+13,1.77214e+13
3.17637e+01,5.65514e+13,1.49816e+13,1.77543e+13
3.18336e+01,5.65509e+13,1.49518e+13,1.77871e+13
3.19036e+01,5.65504e+13,1.49210e+13,1.78198e+13
3.19738e+01,5.65499e+13,1.48891e+13,1.78525e+13
3.20441e+01,5.65495e+13,1.48562e+13,1.78850e+13
3.21146e+01,5.65490e+13,1.48223e+13,1.79174e+13
3.21853e+01,5.65485e+13,1.47875e+13,1.79497e+13
3.22561e+01,5.65480e+13,1.47517e+13,1.79819e+13
3.23270e+01,5.65475e+13,1.47150e+13,1.80140e+13
3.23981e+01,5.65470e+13,1.46774e+13,1.80460e+13
3.24694e+01,5.65465e+13,1.46389e+13,1.80779e+13
3.25408e+01,5.65460e+13,1.45996e+13,1.81096e+13
3.26124e+01,5.65455e+13,1.45594e+13,1.81413e+13
3.26841e+01,5.65450e+13,1.45185e+13,1.81728e+13
3.27560e+01,5.65445e+13,1.44768e+13,1.82042e+13
3.28281e+01,5.65440e+13,1.44344e+13,1.82355e+13
3.29003e+01,5.65435e+13,1.43913e+13,1.82667e+13
3.29726e+01,5.65430e+13,1.43474e+13,1.82977e+13
3.30452e+01,5.65425e+13,1.43030e+13,1.83286e+13
3.31179e+01,5.65419e+13,1.42579e+13,1.83594e+13
3.31907e+01,5.65414e+13,1.42122e+13,1.83900e+13
3.32637e+01,5.65409e+13,1.41660e+13,1.84205e+13
3.33369e+01,5.65404e+13,1.41192e+13,1.84509e+13
3.34102e+01,5.65399e+13,1.40719e+13,1.84812e+13
3.34837e+01,5.65393e+13,1.40241e+13,1.85113e+13
3.35573e+01,5.65388e+13,1.39759e+13,1.85412e+13
3.36312e+01,5.65383e+13,1.39273e+13,1.85710e+13
3.37051e+01,5.65377e+13,1.38782e+13,1.86007e+13
3.37793e+01,5.65372e+13,1.38287e+13,1.86302e+13
3.38536e+01,5.65367e+13,1.37789e+13,1.86595e+13
3.39280e+01,5.65361e+13,1.37288e+13,1.86887e+13
3.40027e+01,5.65356e+13,1.36783e+13,1.87178e+13
3.40775e+01,5.65350e+13,1.36276e+13,1.87467e+13
3.41524e+01,5.65345e+13,1.35765e+13,1.87754e+13
3.42275e+01,5.65339e+13,1.35253e+13,1.88039e+13
3.43028e+01,5.65334e+13,1.34738e+13,1.88323e+13
3.43783e+01,5.65328e+13,1.34221e+13,1.88606e+13
3.44539e+01,5.65323e+13,1.33701e+13,1.88886e+13
3.45297e+01,5.65317e+13,1.33181e+13,1.89165e+13
3.46057e+01,5.65311e+13,1.32658e+13,1.89442e+13
3.46818e+01,5.65306e+13,1.32134e+13,1.89718e+13
3.47581e+01,5.65300e+13,1.31609e+13,1.89991e+13
3.48345e+01,5.65294e+13,1.31082e+13,1.90263e+13
3.49111e+01,5.65289e+13,1.30555e+13,1.90533e+13
3.49879e+01,5.65283e+13,1.30026e+13,1.90801e+13
3.50649e+01,5.65277e+13,1.29497e+13,1.91068e+13
3.51420e+01,5.65271e+13,1.28966e+13,1.91332e+13
3.52193e+01,5.65266e+13,1.28436e+13,1.91595e+13
3.52968e+01,5.65260e+13,1.27904e+13,1.91855e+13
3.53744e+01,5.65254e+13,1.27372e+13,1.92114e+13
3.54522e+01,5.65248e+13,1.26840e+13,1.92370e+13
3.55302e+01,5.65242e+13,1.26308e+13,1.92625e+13
3.56084e+01,5.65236e+13,1.25775e+13,1.92878e+13
3.56867e+01,5.65230e+13,1.25242e+13,1.93128e+13
3.57652e+01,5.65224e+13,1.24709e+13,1.93377e+13
3.58439e+01,5.65218e+13,1.24176e+13,1.93623e+13
3.59227e+01,5.65212e+13,1.23642e+13,1.93867e+13
3.60017e+01,5.65206e+13,1.23109e+13,1.94110e+13
3.60809e+01,5.65200e+13,1.22576e+13,1.94350e+13
3.61603e+01,5.65194e+13,1.22043e+13,1.94588e+13
3.62398e+01,5.65187e+13,1.21510e+13,1.94823e+13
3.63195e+01,5.65181e+13,1.20977e+13,1.95057e+13
3.63994e+01,5.65175e+13,1.20444e+13,1.95288e+13
3.64795e+01,5.65169e+13,1.19911e+13,1.95517e+13
3.65597e+01,5.65163e+13,1.19379e+13,1.95744e+13
3.66402e+01,5.65156e+13,1.18847e+13,1.95969e+13
3.67208e+01,5.65150e+13,1.18315e+13,1.96191e+13
3.68015e+01,5.65144e+13,1.17784e+13,1.96411e+13
3.68825e+01,5.65137e+13,1.17253e+13,1.96628e+13
3.69636e+01,5.65131e+13,1.16722e+13,1.96843e+13
3.70449e+01,5.65124e+13,1.16191e+13,1.97056e+13
3.71264e+01,5.65118e+13,1.15661e+13,1.97267e+13
3.72081e+01,5.65111e+13,1.15131e+13,1.97475e+13
3.72899e+01,5.65105e+13,1.14602e+13,1.97680e+13
3.73719e+01,5.65098e+13,1.14073e+13,1.97883e+13
3.74541e+01,5.65092e+13,1.13544e+13,1.98084e+13
3.75365e+01,5.65085e+13,1.13016e+13,1.98282e+13
3.76191e+01,5.65078e+13,1.12488e+13,1.98478e+13
3.77018e+01,5.65072e+13,1.11961e+13,1.98671e+13
3.77848e+01,5.65065e+13,1.11434e+13,1.98861e+13
3.78679e+01,5.65058e+13,1.10907e+13,1.99049e+13
3.79512e+01,5.65052e+13,1.10382e+13,1.99235e+13
3.80347e+01,5.65045e+13,1.09856e+13,1.99417e+13
3.81183e+01,5.65038e+13,1.09331e+13,1.99598e+13
3.82022e+01,5.65031e+13,1.08807e+13,1.99775e+13
3.82862e+01,5.65024e+13,1.08283e+13,1.99950e+13
3.83704e+01,5.65017e+13,1.07760e+13,2.00122e+13
3.84548e+01,5.65010e+13,1.07238e+13,2.00292e+13
3.85394e+01,5.65003e+13,1.06716e+13,2.00459e+13
3.86242e+01,5.64996e+13,1.06195e+13,2.00623e+13
3.87091e+01,5.64989e+13,1.05674e+13,2.00784e+13
3.87943e+01,5.64982e+13,1.05154e+13,2.00943e+13
3.88796e+01,5.64975e+13,1.04635e+13,2.01099e+13
3.89651e+01,5.64968e+13,1.04116e+13,2.01252e+13
3.90508e+01,5.64961e+13,1.03599e+13,2.01402e+13
3.91367e+01,5.64954e+13,1.03082e+13,2.01550e+13
3.92228e+01,5.64947e+13,1.02565e+13,2.01694e+13
3.93091e+01,5.64939e+13,1.02050e+13,2.01836e+13
3.93956e+01,5.64932e+13,1.01535e+13,2.01975e+13
3.94822e+01,5.64925e+13,1.01022e+13,2.02111e+13
3.95691e+01,5.64917e+13,1.00509e+13,2.02245e+13
3.96561e+01,5.64910e+13,9.99971e+12,2.02375e+13
3.97433e+01,5.64903e+13,9.94862e+12,2.02503e+13
3.98308e+01,5.64895e+13,9.89763e+12,2.02627e+13
3.99184e+01,5.64888e+13,9.84673e+12,2.02749e+13
4.00062e+01,5.64880e+13,9.79594e+12,2.02868e+13
4.00942e+01,5.64873e+13,9.74525e+12,2.02984e+13
4.01824e+01,5.64865e+13,9.69467e+12,2.03096e+13
4.02708e+01,5.64857e+13,9.64420e+12,2.03206e+13
4.03593e+01,5.64850e+13,9.59384e+12,2.03313e+13
4.04481e+01,5.64842e+13,9.54359e+12,2.03417e+13
4.05371e+01,5.64834e+13,9.49347e+12,2.03518e+13
4.06262e+01,5.64827e+13,9.44346e+12,2.03616e+13
4.07156e+01,5.64819e+13,9.39358e+12,2.03711e+13
4.08052e+01,5.64811e+13,9.34383e+12,2.03803e+13
4.08949e+01,5.64803e+13,9.29420e+12,2.03892e+13
4.09849e+01,5.64795e+13,9.24470e+12,2.03978e+13
4.10750e+01,5.64788e+13,9.19534e+12,2.04061e+13
4.11654e+01,5.64780e+13,9.14612e+12,2.04140e+13
4.12559e+01,5.64772e+13,9.09703e+12,2.04217e+13
4.13467e+01,5.64764e+13,9.04808e+12,2.04291e+13
4.14376e+01,5.64756e+13,8.99928e+12,2.04361e+13
4.15288e+01,5.64747e+13,8.95063e+12,2.04429e+13
4.16201e+01,5.64739e+13,8.90212e+12,2.04493e+13
4.17117e+01,5.64731e+13,8.85377e+12,2.04555e+13
4.18034e+01,5.64723e+13,8.80557e+12,2.04613e+13
4.18954e+01,5.64715e+13,8.75753e+12,2.04668e+13
4.19875e+01,5.64707e+13,8.70964e+12,2.04720e+13
4.20799e+01,5.64698e+13,8.66191e+12,2.04769e+13
4.21725e+01,5.64690e+13,8.61435e+12,2.04815e+13
4.22652e+01,5.64682e+13,8.56696e+12,2.04857e+13
4.23582e+01,5.64673e+13,8.51973e+12,2.04897e+13
4.24514e+01,5.64665e+13,8.47266e+12,2.04934e+13
4.25447e+01,5.64656e+13,8.42577e+12,2.04967e+13
4.26383e+01,5.64648e+13,8.37906e+12,2.04997e+13
4.27321e+01,5.64639e+13,8.33252e+12,2.05024e+13
4.28261e+01,5.64631e+13,8.28615e+12,2.05048e+13
4.29203e+01,5.64622e+13,8.23997e+12,2.05069e+13
4.30147e+01,5.64613e+13,8.19396e+12,2.05087e+13
4.31093e+01,5.64605e+13,8.14814e+12,2.05101e+13
4.32042e+01,5.64596e+13,8.10250e+12,2.05113e+13
4.32992e+01,5.64587e+13,8.05705e+12,2.05121e+13
4.33944e+01,5.64578e+13,8.01178e+12,2.05126e+13
4.34899e+01,5.64569e+13,7.96671e+12,2.05128e+13
4.35855e+01,5.64561e+13,7.92182e+12,2.05127e+13
4.36814e+01,5.64552e+13,7.87712e+12,2.05123e+13
4.37775e+01,5.64543e+13,7.83262e+12,2.05116e+13
4.38738e+01,5.64534e+13,7.78831e+12,2.05106e+13
4.39703e+01,5.64525e+13,7.74420e+12,2.05092e+13
4.40670e+01,5.64515e+13,7.70028e+12,2.05075e+13
4.41640e+01,5.64506e+13,7.65657e+12,2.05056e+13
4.42611e+01,5.64497e+13,7.61305e+12,2.05033e+13
4.43585e+01,5.64488e+13,7.56972e+12,2.05007e+13
4.44560e+01,5.64479e+13,7.52661e+12,2.04978e+13
4.45538e+01,5.64469e+13,7.48369e+12,2.04946e+13
4.46518e+01,5.64460e+13,7.44097e+12,2.04911e+13
4.47500e+01,5.64451e+13,7.39846e+12,2.04872e+13
4.48485e+01,5.64441e+13,7.35615e+12,2.04831e+13
4.49471e+01,5.64432e+13,7.31405e+12,2.04787e+13
4.50460e+01,5.64422e+13,7.27215e+12,2.04739e+13
4.51451e+01,5.64413e+13,7.23046e+12,2.04689e+13
4.52444e+01,5.64403e+13,7.18898e+12,2.04635e+13
4.53439e+01,5.64394e+13,7.14770e+12,2.04578e+13
4.54436e+01,5.64384e+13,7.10663e+12,2.04519e+13
4.55436e+01,5.64374e+13,7.06577e+12,2.04456e+13
4.56438e+01,5.64365e+13,7.02512e+12,2.04391e+13
4.57442e+01,5.64355e+13,6.98467e+12,2.04322e+13
4.58448e+01,5.64345e+13,6.94444e+12,2.04250e+13
4.59456e+01,5.64335e+13,6.90441e+12,2.04176e+13
4.60467e+01,5.64325e+13,6.86460e+12,2.04098e+13
4.61480e+01,5.64315e+13,6.82499e+12,2.04018e+13
4.62495e+01,5.64305e+13,6.78560e+12,2.03934e+13
4.63512e+01,5.64295e+13,6.74641e+12,2.03848e+13
4.64532e+01,5.64285e+13,6.70744e+12,2.03758e+13
4.65554e+01,5.64275e+13,6.66867e+12,2.03666e+13
4.66578e+01,5.64265e+13,6.63012e+12,2.03571e+13
4.67604e+01,5.64255e+13,6.59177e+12,2.03473e+13
4.68633e+01,5.64244e+13,6.55364e+12,2.03372e+13
4.69663e+01,5.64234e+13,6.51571e+12,2.03268e+13
4.70697e+01,5.64224e+13,6.47800e+12,2.03161e+13
4.71732e+01,5.64213e+13,6.44049e+12,2.03052e+13
4.72770e+01,5.64203e+13,6.40320e+12,2.02939e+13
4.73809e+01,5.64192e+13,6.36611e+12,2.02824e+13
4.74852e+01,5.64182e+13,6.32923e+12,2.02706e+13
4.75896e+01,5.64171e+13,6.29256e+12,2.02585e+13
4.76943e+01,5.64161e+13,6.25610e+12,2.02462e+13
4.77992e+01,5.64150e+13,6.21985e+12,2.02336e+13
4.79043e+01,5.64139e+13,6.18380e+12,2.02207e+13
4.80097e+01,5.64128e+13,6.14796e+12,2.02075e+13
4.81153e+01,5.64118e+13,6.11233e+12,2.01940e+13
4.82212e+01,5.64107e+13,6.07691e+12,2.01803e+13
4.83272e+01,5.64096e+13,6.04169e+12,2.01663e+13
4.84335e+01,5.64085e+13,6.00667e+12,2.01521e+13
4.85401e+01,5.64074e+13,5.97186e+12,2.01376e+13
4.86468e+01,5.64063e+13,5.93725e+12,2.01228e+13
4.87538e+01,5.64052e+13,5.90285e+12,2.01077e+13
4.88611e+01,5.64041e+13,5.86865e+12,2.00924e+13
4.89686e+01,5.64030e+13,5.83465e+12,2.00769e+13
4.90763e+01,5.64018e+13,5.80086e+12,2.00610e+13
4.91842e+01,5.64007e+13,5.76726e+12,2.00450e+13
4.92924e+01,5.63996e+13,5.73387e+12,2.00286e+13
4.94008e+01,5.63984e+13,5.70067e+12,2.00121e+13
4.95095e+01,5.63973e+13,5.66768e+12,1.99952e+13
4.96184e+01,5.63961e+13,5.63488e+12,1.99782e+13
4.97275e+01,5.63950e+13,5.60228e+12,1.99608e+13
4.98369e+01,5.63938e+13,5.56988e+12,1.99433e+13
4.99466e+01,5.63927e+13,5.53767e+12,1.99255e+13
5.00564e+01,5.63915e+13,5.50566e+12,1.99074e+13
5.01665e+01,5.63903e+13,5.47384e+12,1.98891e+13
5.02769e+01,5.63891e+13,5.44222e+12,1.98706e+13
5.03875e+01,5.63880e+13,5.41079e+12,1.98518e+13
5.04983e+01,5.63868e+13,5.37955e+12,1.98328e+13
5.06094e+01,5.63856e+13,5.34850e+12,1.98136e+13
5.07207e+01,5.63844e+13,5.31764e+12,1.97942e+13
5.08323e+01,5.63832e+13,5.28697e+12,1.97745e+13
5.09441e+01,5.63820e+13,5.25649e+12,1.97546e+13
5.10561e+01,5.63807e+13,5.22620e+12,1.97345e+13
5.11684e+01,5.63795e+13,5.19610e+12,1.97141e+13
5.12810e+01,5.63783e+13,5.16618e+12,1.96935e+13
5.13938e+01,5.63771e+13,5.13644e+12,1.96727e+13
5.15068e+01,5.63758e+13,5.10689e+12,1.96517e+13
5.16201e+01,5.63746e+13,5.07753e+12,1.96305e+13
5.17337e+01,5.63733e+13,5.04834e+12,1.96091e+13
5.18475e+01,5.63721e+13,5.01934e+12,1.95875e+13
5.19615e+01,5.63708e+13,4.99052e+12,1.95656e+13
