freq_aligo,strain_aligo,strain_baseline,strain_best
1.63299e+03,1.15453e-24,9.71003e-25,9.96707e-25
1.63432e+03,1.15537e-24,9.69973e-25,9.95605e-25
1.63564e+03,1.15621e-24,9.68941e-25,9.94501e-25
1.63697e+03,1.15705e-24,9.67907e-25,9.93396e-25
1.63830e+03,1.15789e-24,9.66872e-25,9.92289e-25
1.63963e+03,1.15874e-24,9.65836e-25,9.91181e-25
1.64096e+03,1.15958e-24,9.64798e-25,9.90072e-25
1.64229e+03,1.16042e-24,9.63758e-25,9.88961e-25
1.64362e+03,1.16127e-24,9.62717e-25,9.87849e-25
1.64495e+03,1.16211e-24,9.61675e-25,9.86735e-25
1.64629e+03,1.16296e-24,9.60631e-25,9.85621e-25
1.64763e+03,1.16381e-24,9.59586e-25,9.84504e-25
1.64896e+03,1.16465e-24,9.58539e-25,9.83387e-25
1.65030e+03,1.16550e-24,9.57491e-25,9.82268e-25
1.65164e+03,1.16635e-24,9.56441e-25,9.81148e-25
1.65298e+03,1.16720e-24,9.55389e-25,9.80026e-25
1.65432e+03,1.16805e-24,9.54337e-25,9.78903e-25
1.65566e+03,1.16890e-24,9.53282e-25,9.77778e-25
1.65700e+03,1.16975e-24,9.52227e-25,9.76653e-25
1.65835e+03,1.17061e-24,9.51169e-25,9.75525e-25
1.65969e+03,1.17146e-24,9.50111e-25,9.74397e-25
1.66104e+03,1.17232e-24,9.49051e-25,9.73267e-25
1.66239e+03,1.17317e-24,9.47989e-25,9.72135e-25
1.66374e+03,1.17403e-24,9.46926e-25,9.71003e-25
1.66509e+03,1.17488e-24,9.45861e-25,9.69868e-25
1.66644e+03,1.17574e-24,9.44795e-25,9.68733e-25
1.66779e+03,1.17660e-24,9.43727e-25,9.67596e-25
1.66914e+03,1.17746e-24,9.42658e-25,9.66458e-25
1.67050e+03,1.17832e-24,9.41587e-25,9.65318e-25
1.67185e+03,1.17918e-24,9.40515e-25,9.64177e-25
1.67321e+03,1.18004e-24,9.39441e-25,9.63034e-25
1.67457e+03,1.18091e-24,9.38366e-25,9.61890e-25
1.67592e+03,1.18177e-24,9.37289e-25,9.60745e-25
1.67728e+03,1.18263e-24,9.36211e-25,9.59598e-25
1.67864e+03,1.18350e-24,9.35132e-25,9.58450e-25
1.68001e+03,1.18436e-24,9.34050e-25,9.57300e-25
1.68137e+03,1.18523e-24,9.32968e-25,9.56149e-25
1.68273e+03,1.18610e-24,9.31883e-25,9.54997e-25
1.68410e+03,1.18696e-24,9.30798e-25,9.53843e-25
1.68546e+03,1.18783e-24,9.29711e-25,9.52688e-25
1.68683e+03,1.18870e-24,9.28622e-25,9.51531e-25
1.68820e+03,1.18957e-24,9.27532e-25,9.50373e-25
1.68957e+03,1.19044e-24,9.26440e-25,9.49214e-25
1.69094e+03,1.19132e-24,9.25347e-25,9.48053e-25
1.69231e+03,1.19219e-24,9.24252e-25,9.46891e-25
1.69368e+03,1.19306e-24,9.23156e-25,9.45727e-25
1.69506e+03,1.19394e-24,9.22058e-25,9.44562e-25
1.69643e+03,1.19481e-24,9.20958e-25,9.43396e-25
1.69781e+03,1.19569e-24,9.19858e-25,9.42228e-25
1.69919e+03,1.19656e-24,9.18755e-25,9.41058e-25
1.70057e+03,1.19744e-24,9.17651e-25,9.39887e-25
1.70195e+03,1.19832e-24,9.16546e-25,9.38715e-25
1.70333e+03,1.19920e-24,9.15439e-25,9.37542e-25
1.70471e+03,1.20008e-24,9.14331e-25,9.36367e-25
1.70609e+03,1.20096e-24,9.13221e-25,9.35190e-25
1.70748e+03,1.20184e-24,9.12109e-25,9.34012e-25
1.70886e+03,1.20272e-24,9.10996e-25,9.32833e-25
1.71025e+03,1.20361e-24,9.09882e-25,9.31652e-25
1.71163e+03,1.20449e-24,9.08766e-25,9.30470e-25
1.71302e+03,1.20537e-24,9.07648e-25,9.29286e-25
1.71441e+03,1.20626e-24,9.06529e-25,9.28101e-25
1.71580e+03,1.20715e-24,9.05409e-25,9.26914e-25
1.71720e+03,1.20803e-24,9.04287e-25,9.25726e-25
1.71859e+03,1.20892e-24,9.03163e-25,9.24537e-25
1.71998e+03,1.20981e-24,9.02038e-25,9.23346e-25
1.72138e+03,1.21070e-24,9.00911e-25,9.22154e-25
1.72277e+03,1.21159e-24,8.99783e-25,9.20960e-25
1.72417e+03,1.21248e-24,8.98653e-25,9.19765e-25
1.72557e+03,1.21337e-24,8.97522e-25,9.18568e-25
1.72697e+03,1.21427e-24,8.96389e-25,9.17370e-25
1.72837e+03,1.21516e-24,8.95255e-25,9.16171e-25
1.72977e+03,1.21605e-24,8.94119e-25,9.14970e-25
1.73118e+03,1.21695e-24,8.92982e-25,9.13767e-25
1.73258e+03,1.21784e-24,8.91843e-25,9.12564e-25
1.73399e+03,1.21874e-24,8.90703e-25,9.11358e-25
1.73539e+03,1.21964e-24,8.89561e-25,9.10152e-25
1.73680e+03,1.22054e-24,8.88417e-25,9.08943e-25
1.73821e+03,1.22144e-24,8.87272e-25,9.07734e-25
1.73962e+03,1.22234e-24,8.86126e-25,9.06523e-25
1.74103e+03,1.22324e-24,8.84978e-25,9.05310e-25
1.74244e+03,1.22414e-24,8.83828e-25,9.04096e-25
1.74386e+03,1.22504e-24,8.82677e-25,9.02881e-25
1.74527e+03,1.22595e-24,8.81524e-25,9.01664e-25
1.74669e+03,1.22685e-24,8.80370e-25,9.00445e-25
1.74811e+03,1.22775e-24,8.79215e-25,8.99225e-25
1.74952e+03,1.22866e-24,8.78057e-25,8.98004e-25
1.75094e+03,1.22957e-24,8.76899e-25,8.96781e-25
1.75236e+03,1.23047e-24,8.75738e-25,8.95557e-25
1.75379e+03,1.23138e-24,8.74577e-25,8.94332e-25
1.75521e+03,1.23229e-24,8.73413e-25,8.93105e-25
1.75663e+03,1.23320e-24,8.72248e-25,8.91876e-25
1.75806e+03,1.23411e-24,8.71082e-25,8.90646e-25
1.75948e+03,1.23502e-24,8.69914e-25,8.89414e-25
1.76091e+03,1.23594e-24,8.68745e-25,8.88182e-25
1.76234e+03,1.23685e-24,8.67574e-25,8.86947e-25
1.76377e+03,1.23776e-24,8.66401e-25,8.85711e-25
1.76520e+03,1.23868e-24,8.65227e-25,8.84474e-25
1.76663e+03,1.23959e-24,8.64052e-25,8.83235e-25
1.76807e+03,1.24051e-24,8.62874e-25,8.81995e-25
1.76950e+03,1.24143e-24,8.61696e-25,8.80753e-25
1.77093e+03,1.24235e-24,8.60516e-25,8.79510e-25
1.77237e+03,1.24326e-24,8.59334e-25,8.78265e-25
1.77381e+03,1.24418e-24,8.58151e-25,8.77019e-25
1.77525e+03,1.24510e-24,8.56966e-25,8.75772e-25
1.77669e+03,1.24603e-24,8.55780e-25,8.74523e-25
1.77813e+03,1.24695e-24,8.54592e-25,8.73272e-25
1.77957e+03,1.24787e-24,8.53403e-25,8.72020e-25
1.78102e+03,1.24880e-24,8.52212e-25,8.70767e-25
1.78246e+03,1.24972e-24,8.51020e-25,8.69512e-25
1.78391e+03,1.25065e-24,8.49826e-25,8.68256e-25
1.78535e+03,1.25157e-24,8.48630e-25,8.66998e-25
1.78680e+03,1.25250e-24,8.47433e-25,8.65738e-25
1.78825e+03,1.25343e-24,8.46235e-25,8.64478e-25
1.78970e+03,1.25436e-24,8.45035e-25,8.63215e-25
1.79116e+03,1.25529e-24,8.43833e-25,8.61952e-25
1.79261e+03,1.25622e-24,8.42630e-25,8.60687e-25
1.79406e+03,1.25715e-24,8.41426e-25,8.59420e-25
1.79552e+03,1.25808e-24,8.40220e-25,8.58152e-25
1.79697e+03,1.25901e-24,8.39012e-25,8.56882e-25
1.79843e+03,1.25995e-24,8.37803e-25,8.55611e-25
1.79989e+03,1.26088e-24,8.36592e-25,8.54339e-25
1.80135e+03,1.26182e-24,8.35380e-25,8.53065e-25
1.80281e+03,1.26275e-24,8.34167e-25,8.51790e-25
1.80428e+03,1.26369e-24,8.32952e-25,8.50513e-25
1.80574e+03,1.26463e-24,8.31735e-25,8.49234e-25
1.80720e+03,1.26557e-24,8.30517e-25,8.47955e-25
1.80867e+03,1.26651e-24,8.29297e-25,8.46673e-25
1.81014e+03,1.26745e-24,8.28076e-25,8.45391e-25
1.81161e+03,1.26839e-24,8.26853e-25,8.44106e-25
1.81308e+03,1.26933e-24,8.25629e-25,8.42821e-25
1.81455e+03,1.27028e-24,8.24403e-25,8.41534e-25
1.81602e+03,1.27122e-24,8.23176e-25,8.40245e-25
1.81749e+03,1.27217e-24,8.21947e-25,8.38955e-25
1.81897e+03,1.27311e-24,8.20717e-25,8.37663e-25
1.82044e+03,1.27406e-24,8.19485e-25,8.36371e-25
1.82192e+03,1.27501e-24,8.18252e-25,8.35076e-25
1.82340e+03,1.27595e-24,8.17017e-25,8.33780e-25
1.82488e+03,1.27690e-24,8.15781e-25,8.32483e-25
1.82636e+03,1.27785e-24,8.14543e-25,8.31184e-25
1.82784e+03,1.27880e-24,8.13304e-25,8.29884e-25
1.82932e+03,1.27976e-24,8.12063e-25,8.28582e-25
1.83081e+03,1.28071e-24,8.10821e-25,8.27279e-25
1.83229e+03,1.28166e-24,8.09577e-25,8.25974e-25
1.83378e+03,1.28262e-24,8.08332e-25,8.24668e-25
1.83526e+03,1.28357e-24,8.07085e-25,8.23361e-25
1.83675e+03,1.28453e-24,8.05837e-25,8.22052e-25
1.83824e+03,1.28548e-24,8.04588e-25,8.20741e-25
1.83973e+03,1.28644e-24,8.03336e-25,8.19430e-25
1.84123e+03,1.28740e-24,8.02084e-25,8.18116e-25
1.84272e+03,1.28836e-24,8.00830e-25,8.16802e-25
1.84422e+03,1.28932e-24,7.99574e-25,8.15485e-25
1.84571e+03,1.29028e-24,7.98317e-25,8.14168e-25
1.84721e+03,1.29124e-24,7.97059e-25,8.12849e-25
1.84871e+03,1.29221e-24,7.95799e-25,8.11528e-25
1.85021e+03,1.29317e-24,7.94537e-25,8.10206e-25
1.85171e+03,1.29413e-24,7.93274e-25,8.08883e-25
1.85321e+03,1.29510e-24,7.92010e-25,8.07558e-25
1.85471e+03,1.29606e-24,7.90744e-25,8.06232e-25
1.85622e+03,1.29703e-24,7.89477e-25,8.04904e-25
1.85772e+03,1.29800e-24,7.88208e-25,8.03575e-25
1.85923e+03,1.29897e-24,7.86938e-25,8.02244e-25
1.86074e+03,1.29994e-24,7.85666e-25,8.00912e-25
1.86225e+03,1.30091e-24,7.84393e-25,7.99579e-25
1.86376e+03,1.30188e-24,7.83118e-25,7.98244e-25
1.86527e+03,1.30285e-24,7.81842e-25,7.96907e-25
1.86679e+03,1.30383e-24,7.80565e-25,7.95570e-25
1.86830e+03,1.30480e-24,7.79286e-25,7.94231e-25
1.86982e+03,1.30578e-24,7.78006e-25,7.92890e-25
1.87133e+03,1.30675e-24,7.76724e-25,7.91548e-25
1.87285e+03,1.30773e-24,7.75441e-25,7.90205e-25
1.87437e+03,1.30871e-24,7.74156e-25,7.88860e-25
1.87589e+03,1.30968e-24,7.72870e-25,7.87514e-25
1.87741e+03,1.31066e-24,7.71583e-25,7.86166e-25
1.87894e+03,1.31164e-24,7.70294e-25,7.84817e-25
1.88046e+03,1.31262e-24,7.69003e-25,7.83467e-25
1.88199e+03,1.31361e-24,7.67712e-25,7.82115e-25
1.88351e+03,1.31459e-24,7.66419e-25,7.80761e-25
1.88504e+03,1.31557e-24,7.65124e-25,7.79407e-25
1.88657e+03,1.31656e-24,7.63828e-25,7.78051e-25
1.88810e+03,1.31754e-24,7.62531e-25,7.76693e-25
1.88963e+03,1.31853e-24,7.61232e-25,7.75335e-25
1.89116e+03,1.31952e-24,7.59932e-25,7.73974e-25
1.89270e+03,1.32050e-24,7.58631e-25,7.72613e-25
1.89423e+03,1.32149e-24,7.57328e-25,7.71250e-25
1.89577e+03,1.32248e-24,7.56024e-25,7.69886e-25
1.89731e+03,1.32347e-24,7.54718e-25,7.68520e-25
1.89885e+03,1.32447e-24,7.53411e-25,7.67153e-25
1.90039e+03,1.32546e-24,7.52103e-25,7.65784e-25
1.90193e+03,1.32645e-24,7.50793e-25,7.64414e-25
1.90347e+03,1.32745e-24,7.49482e-25,7.63043e-25
1.90502e+03,1.32844e-24,7.48169e-25,7.61671e-25
1.90656e+03,1.32944e-24,7.46856e-25,7.60297e-25
1.90811e+03,1.33043e-24,7.45540e-25,7.58922e-25
1.90966e+03,1.33143e-24,7.44224e-25,7.57545e-25
1.91121e+03,1.33243e-24,7.42906e-25,7.56167e-25
1.91276e+03,1.33343e-24,7.41587e-25,7.54788e-25
1.91431e+03,1.33443e-24,7.40266e-25,7.53407e-25
1.91586e+03,1.33543e-24,7.38945e-25,7.52025e-25
1.91742e+03,1.33643e-24,7.37622e-25,7.50642e-25
1.91897e+03,1.33744e-24,7.36297e-25,7.49257e-25
1.92053e+03,1.33844e-24,7.34971e-25,7.47871e-25
1.92209e+03,1.33945e-24,7.33644e-25,7.46484e-25
1.92365e+03,1.34045e-24,7.32316e-25,7.45095e-25
1.92521e+03,1.34146e-24,7.30986e-25,7.43705e-25
1.92677e+03,1.34247e-24,7.29656e-25,7.42314e-25
1.92833e+03,1.34347e-24,7.28323e-25,7.40922e-25
1.92990e+03,1.34448e-24,7.26990e-25,7.39528e-25
1.93146e+03,1.34549e-24,7.25655e-25,7.38133e-25
1.93303e+03,1.34650e-24,7.24319e-25,7.36736e-25
1.93460e+03,1.34752e-24,7.22982e-25,7.35339e-25
1.93617e+03,1.34853e-24,7.21643e-25,7.33940e-25
1.93774e+03,1.34954e-24,7.20304e-25,7.32540e-25
1.93931e+03,1.35056e-24,7.18963e-25,7.31138e-25
1.94088e+03,1.35157e-24,7.17620e-25,7.29735e-25
1.94246e+03,1.35259e-24,7.16277e-25,7.28331e-25
1.94403e+03,1.35361e-24,7.14932e-25,7.26926e-25
1.94561e+03,1.35463e-24,7.13586e-25,7.25519e-25
1.94719e+03,1.35565e-24,7.12239e-25,7.24112e-25
1.94877e+03,1.35667e-24,7.10891e-25,7.22703e-25
1.95035e+03,1.35769e-24,7.09541e-25,7.21292e-25
1.95193e+03,1.35871e-24,7.08191e-25,7.19881e-25
1.95351e+03,1.35973e-24,7.06839e-25,7.18468e-25
1.95510e+03,1.36076e-24,7.05486e-25,7.17054e-25
1.95669e+03,1.36178e-24,7.04131e-25,7.15639e-25
1.95827e+03,1.36281e-24,7.02776e-25,7.14223e-25
1.95986e+03,1.36383e-24,7.01419e-25,7.12805e-25
1.96145e+03,1.36486e-24,7.00062e-25,7.11387e-25
1.96304e+03,1.36589e-24,6.98703e-25,7.09967e-25
1.96464e+03,1.36692e-24,6.97343e-25,7.08546e-25
1.96623e+03,1.36795e-24,6.95982e-25,7.07123e-25
1.96782e+03,1.36898e-24,6.94620e-25,7.05700e-25
1.96942e+03,1.37001e-24,6.93256e-25,7.04275e-25
1.97102e+03,1.37104e-24,6.91892e-25,7.02850e-25
1.97262e+03,1.37208e-24,6.90527e-25,7.01423e-25
1.97422e+03,1.37311e-24,6.89160e-25,6.99995e-25
1.97582e+03,1.37415e-24,6.87792e-25,6.98566e-25
1.97742e+03,1.37518e-24,6.86424e-25,6.97135e-25
1.97903e+03,1.37622e-24,6.85054e-25,6.95704e-25
1.98063e+03,1.37726e-24,6.83683e-25,6.94272e-25
1.98224e+03,1.37830e-24,6.82311e-25,6.92838e-25
1.98385e+03,1.37934e-24,6.80938e-25,6.91403e-25
1.98546e+03,1.38038e-24,6.79565e-25,6.89968e-25
1.98707e+03,1.38142e-24,6.78190e-25,6.88531e-25
1.98868e+03,1.38247e-24,6.76814e-25,6.87093e-25
1.99029e+03,1.38351e-24,6.75437e-25,6.85654e-25
1.99191e+03,1.38455e-24,6.74059e-25,6.84214e-25
1.99352e+03,1.38560e-24,6.72680e-25,6.82773e-25
1.99514e+03,1.38665e-24,6.71301e-25,6.81331e-25
1.99676e+03,1.38769e-24,6.69920e-25,6.79888e-25
1.99838e+03,1.38874e-24,6.68538e-25,6.78443e-25
2.00000e+03,1.38979e-24,6.67156e-25,6.76998e-25
2.00162e+03,1.39084e-24,6.65772e-25,6.75552e-25
2.00325e+03,1.39189e-24,6.64388e-25,6.74105e-25
2.00487e+03,1.39295e-24,6.63002e-25,6.72657e-25
2.00650e+03,1.39400e-24,6.61616e-25,6.71208e-25
2.00813e+03,1.39505e-24,6.60229e-25,6.69758e-25
2.00975e+03,1.39611e-24,6.58841e-25,6.68307e-25
2.01139e+03,1.39716e-24,6.57453e-25,6.66855e-25
2.01302e+03,1.39822e-24,6.56063e-25,6.65402e-25
2.01465e+03,1.39928e-24,6.54673e-25,6.63948e-25
2.01628e+03,1.40034e-24,6.53281e-25,6.62494e-25
2.01792e+03,1.40140e-24,6.51889e-25,6.61038e-25
2.01956e+03,1.40246e-24,6.50497e-25,6.59582e-25
2.02120e+03,1.40352e-24,6.49103e-25,6.58124e-25
2.02284e+03,1.40458e-24,6.47709e-25,6.56666e-25
2.02448e+03,1.40564e-24,6.46314e-25,6.55207e-25
2.02612e+03,1.40671e-24,6.44918e-25,6.53747e-25
2.02776e+03,1.40777e-24,6.43521e-25,6.52287e-25
2.02941e+03,1.40884e-24,6.42124e-25,6.50825e-25
2.03105e+03,1.40991e-24,6.40726e-25,6.49363e-25
2.03270e+03,1.41098e-24,6.39328e-25,6.47900e-25
2.03435e+03,1.41204e-24,6.37928e-25,6.46436e-25
2.03600e+03,1.41311e-24,6.36529e-25,6.44971e-25
2.03765e+03,1.41418e-24,6.35128e-25,6.43506e-25
2.03931e+03,1.41526e-24,6.33727e-25,6.42040e-25
2.04096e+03,1.41633e-24,6.32325e-25,6.40573e-25
2.04262e+03,1.41740e-24,6.30923e-25,6.39105e-25
2.04427e+03,1.41848e-24,6.29520e-25,6.37637e-25
2.04593e+03,1.41955e-24,6.28117e-25,6.36168e-25
2.04759e+03,1.42063e-24,6.26713e-25,6.34699e-25
2.04925e+03,1.42171e-24,6.25308e-25,6.33228e-25
2.05091e+03,1.42279e-24,6.23903e-25,6.31758e-25
2.05258e+03,1.42387e-24,6.22498e-25,6.30286e-25
2.05424e+03,1.42495e-24,6.21092e-25,6.28814e-25
2.05591e+03,1.42603e-24,6.19685e-25,6.27341e-25
2.05758e+03,1.42711e-24,6.18279e-25,6.25868e-25
2.05925e+03,1.42819e-24,6.16871e-25,6.24394e-25
2.06092e+03,1.42928e-24,6.15464e-25,6.22920e-25
2.06259e+03,1.43036e-24,6.14056e-25,6.21445e-25
2.06426e+03,1.43145e-24,6.12647e-25,6.19969e-25
2.06594e+03,1.43253e-24,6.11239e-25,6.18494e-25
2.06761e+03,1.43362e-24,6.09829e-25,6.17017e-25
2.06929e+03,1.43471e-24,6.08420e-25,6.15540e-25
2.07097e+03,1.43580e-24,6.07011e-25,6.14063e-25
2.07265e+03,1.43689e-24,6.05601e-25,6.12585e-25
2.07433e+03,1.43798e-24,6.04190e-25,6.11107e-25
2.07601e+03,1.43908e-24,6.02780e-25,6.09629e-25
2.07770e+03,1.44017e-24,6.01370e-25,6.08150e-25
2.07938e+03,1.44127e-24,5.99959e-25,6.06670e-25
2.08107e+03,1.44236e-24,5.98548e-25,6.05191e-25
2.08276e+03,1.44346e-24,5.97137e-25,6.03711e-25
2.08445e+03,1.44455e-24,5.95726e-25,6.02231e-25
2.08614e+03,1.44565e-24,5.94314e-25,6.00750e-25
2.08783e+03,1.44675e-24,5.92903e-25,5.99270e-25
2.08953e+03,1.44785e-24,5.91492e-25,5.97789e-25
2.09122e+03,1.44895e-24,5.90080e-25,5.96308e-25
2.09292e+03,1.45006e-24,5.88669e-25,5.94826e-25
2.09462e+03,1.45116e-24,5.87258e-25,5.93345e-25
2.09632e+03,1.45226e-24,5.85846e-25,5.91863e-25
2.09802e+03,1.45337e-24,5.84435e-25,5.90381e-25
2.09972e+03,1.45448e-24,5.83024e-25,5.88900e-25
2.10142e+03,1.45558e-24,5.81613e-25,5.87418e-25
2.10313e+03,1.45669e-24,5.80202e-25,5.85936e-25
2.10483e+03,1.45780e-24,5.78791e-25,5.84454e-25
2.10654e+03,1.45891e-24,5.77381e-25,5.82971e-25
2.10825e+03,1.46002e-24,5.75970e-25,5.81489e-25
2.10996e+03,1.46113e-24,5.74560e-25,5.80007e-25
2.11167e+03,1.46225e-24,5.73151e-25,5.78526e-25
2.11338e+03,1.46336e-24,5.71741e-25,5.77044e-25
2.11510e+03,1.46448e-24,5.70332e-25,5.75562e-25
2.11681e+03,1.46559e-24,5.68923e-25,5.74080e-25
2.11853e+03,1.46671e-24,5.67515e-25,5.72599e-25
2.12025e+03,1.46783e-24,5.66107e-25,5.71118e-25
2.12197e+03,1.46895e-24,5.64700e-25,5.69637e-25
2.12369e+03,1.47006e-24,5.63293e-25,5.68156e-25
2.12541e+03,1.47119e-24,5.61886e-25,5.66676e-25
2.12714e+03,1.47231e-24,5.60480e-25,5.65196e-25
2.12886e+03,1.47343e-24,5.59075e-25,5.63716e-25
2.13059e+03,1.47455e-24,5.57670e-25,5.62236e-25
2.13232e+03,1.47568e-24,5.56266e-25,5.60757e-25
2.13405e+03,1.47680e-24,5.54863e-25,5.59279e-25
2.13578e+03,1.47793e-24,5.53460e-25,5.57801e-25
2.13751e+03,1.47906e-24,5.52058e-25,5.56323e-25
2.13925e+03,1.48019e-24,5.50657e-25,5.54846e-25
2.14098e+03,1.48132e-24,5.49256e-25,5.53369e-25
2.14272e+03,1.48245e-24,5.47857e-25,5.51893e-25
2.14446e+03,1.48358e-24,5.46458e-25,5.50418e-25
2.14620e+03,1.48471e-24,5.45060e-25,5.48943e-25
2.14794e+03,1.48585e-24,5.43664e-25,5.47469e-25
2.14968e+03,1.48698e-24,5.42268e-25,5.45996e-25
2.15143e+03,1.48812e-24,5.40873e-25,5.44523e-25
2.15317e+03,1.48925e-24,5.39479e-25,5.43051e-25
2.15492e+03,1.49039e-24,5.38087e-25,5.41580e-25
2.15667e+03,1.49153e-24,5.36695e-25,5.40110e-25
2.15842e+03,1.49267e-24,5.35305e-25,5.38641e-25
2.16017e+03,1.49381e-24,5.33916e-25,5.37172e-25
2.16192e+03,1.49495e-24,5.32528e-25,5.35705e-25
2.16367e+03,1.49609e-24,5.31142e-25,5.34239e-25
2.16543e+03,1.49724e-24,5.29756e-25,5.32773e-25
2.16719e+03,1.49838e-24,5.28373e-25,5.31309e-25
2.16894e+03,1.49953e-24,5.26990e-25,5.29846e-25
2.17070e+03,1.50067e-24,5.25609e-25,5.28384e-25
2.17246e+03,1.50182e-24,5.24230e-25,5.26923e-25
2.17423e+03,1.50297e-24,5.22852e-25,5.25464e-25
2.17599e+03,1.50412e-24,5.21476e-25,5.24006e-25
2.17776e+03,1.50527e-24,5.20101e-25,5.22549e-25
2.17952e+03,1.50642e-24,5.18728e-25,5.21093e-25
2.18129e+03,1.50757e-24,5.17357e-25,5.19639e-25
2.18306e+03,1.50873e-24,5.15988e-25,5.18187e-25
2.18483e+03,1.50988e-24,5.14621e-25,5.16736e-25
2.18660e+03,1.51104e-24,5.13255e-25,5.15286e-25
2.18838e+03,1.51219e-24,5.11891e-25,5.13838e-25
2.19015e+03,1.51335e-24,5.10530e-25,5.12392e-25
2.19193e+03,1.51451e-24,5.09170e-25,5.10947e-25
2.19371e+03,1.51567e-24,5.07812e-25,5.09505e-25
2.19549e+03,1.51683e-24,5.06457e-25,5.08064e-25
2.19727e+03,1.51799e-24,5.05104e-25,5.06624e-25
2.19905e+03,1.51915e-24,5.03753e-25,5.05187e-25
2.20084e+03,1.52032e-24,5.02404e-25,5.03752e-25
2.20262e+03,1.52148e-24,5.01058e-25,5.02318e-25
2.20441e+03,1.52265e-24,4.99714e-25,5.00887e-25
2.20620e+03,1.52382e-24,4.98372e-25,4.99458e-25
2.20799e+03,1.52498e-24,4.97033e-25,4.98031e-25
2.20978e+03,1.52615e-24,4.95697e-25,4.96606e-25
2.21157e+03,1.52732e-24,4.94363e-25,4.95184e-25
2.21336e+03,1.52849e-24,4.93032e-25,4.93763e-25
2.21516e+03,1.52966e-24,4.91704e-25,4.92346e-25
2.21696e+03,1.53084e-24,4.90379e-25,4.90930e-25
2.21876e+03,1.53201e-24,4.89056e-25,4.89517e-25
2.22056e+03,1.53319e-24,4.87736e-25,4.88107e-25
2.22236e+03,1.53436e-24,4.86420e-25,4.86699e-25
2.22416e+03,1.53554e-24,4.85106e-25,4.85294e-25
2.22596e+03,1.53672e-24,4.83796e-25,4.83892e-25
2.22777e+03,1.53790e-24,4.82489e-25,4.82493e-25
2.22958e+03,1.53908e-24,4.81185e-25,4.81096e-25
2.23139e+03,1.54026e-24,4.79884e-25,4.79702e-25
2.23320e+03,1.54144e-24,4.78587e-25,4.78312e-25
2.23501e+03,1.54262e-24,4.77293e-25,4.76924e-25
2.23682e+03,1.54381e-24,4.76003e-25,4.75540e-25
2.23864e+03,1.54499e-24,4.74716e-25,4.74159e-25
2.24045e+03,1.54618e-24,4.73433e-25,4.72781e-25
2.24227e+03,1.54736e-24,4.72154e-25,4.71406e-25
2.24409e+03,1.54855e-24,4.70878e-25,4.70035e-25
2.24591e+03,1.54974e-24,4.69607e-25,4.68667e-25
2.24773e+03,1.55093e-24,4.68339e-25,4.67303e-25
2.24955e+03,1.55212e-24,4.67076e-25,4.65943e-25
2.25138e+03,1.55331e-24,4.65816e-25,4.64586e-25
2.25321e+03,1.55451e-24,4.64561e-25,4.63233e-25
2.25503e+03,1.55570e-24,4.63310e-25,4.61884e-25
2.25686e+03,1.55690e-24,4.62064e-25,4.60539e-25
2.25869e+03,1.55809e-24,4.60822e-25,4.59197e-25
2.26053e+03,1.55929e-24,4.59584e-25,4.57860e-25
2.26236e+03,1.56049e-24,4.58351e-25,4.56528e-25
2.26420e+03,1.56169e-24,4.57123e-25,4.55199e-25
2.26603e+03,1.56289e-24,4.55899e-25,4.53875e-25
2.26787e+03,1.56409e-24,4.54680e-25,4.52555e-25
2.26971e+03,1.56529e-24,4.53466e-25,4.51240e-25
2.27155e+03,1.56650e-24,4.52258e-25,4.49929e-25
2.27339e+03,1.56770e-24,4.51054e-25,4.48623e-25
2.27524e+03,1.56891e-24,4.49855e-25,4.47322e-25
2.27708e+03,1.57012e-24,4.48662e-25,4.46026e-25
2.27893e+03,1.57132e-24,4.47474e-25,4.44734e-25
2.28078e+03,1.57253e-24,4.46292e-25,4.43448e-25
2.28263e+03,1.57374e-24,4.45115e-25,4.42167e-25
2.28448e+03,1.57495e-24,4.43944e-25,4.40891e-25
2.28634e+03,1.57617e-24,4.42778e-25,4.39620e-25
2.28819e+03,1.57738e-24,4.41619e-25,4.38355e-25
2.29005e+03,1.57859e-24,4.40465e-25,4.37096e-25
2.29191e+03,1.57981e-24,4.39317e-25,4.35842e-25
2.29376e+03,1.58103e-24,4.38176e-25,4.34594e-25
2.29563e+03,1.58224e-24,4.37040e-25,4.33351e-25
2.29749e+03,1.58346e-24,4.35911e-25,4.32115e-25
2.29935e+03,1.58468e-24,4.34789e-25,4.30885e-25
2.30122e+03,1.58590e-24,4.33672e-25,4.29660e-25
2.30308e+03,1.58712e-24,4.32563e-25,4.28442e-25
2.30495e+03,1.58835e-24,4.31460e-25,4.27231e-25
2.30682e+03,1.58957e-24,4.30364e-25,4.26026e-25
2.30869e+03,1.59079e-24,4.29275e-25,4.24827e-25
2.31057e+03,1.59202e-24,4.28193e-25,4.23635e-25
2.31244e+03,1.59325e-24,4.27119e-25,4.22450e-25
2.31432e+03,1.59447e-24,4.26051e-25,4.21272e-25
2.31619e+03,1.59570e-24,4.24991e-25,4.20101e-25
2.31807e+03,1.59693e-24,4.23938e-25,4.18938e-25
2.31995e+03,1.59816e-24,4.22893e-25,4.17781e-25
2.32184e+03,1.59940e-24,4.21856e-25,4.16632e-25
2.32372e+03,1.60063e-24,4.20826e-25,4.15490e-25
2.32560e+03,1.60186e-24,4.19804e-25,4.14356e-25
2.32749e+03,1.60310e-24,4.18791e-25,4.13230e-25
2.32938e+03,1.60434e-24,4.17785e-25,4.12111e-25
2.33127e+03,1.60557e-24,4.16788e-25,4.11001e-25
2.33316e+03,1.60681e-24,4.15799e-25,4.09899e-25
2.33505e+03,1.60805e-24,4.14819e-25,4.08804e-25
2.33695e+03,1.60929e-24,4.13847e-25,4.07719e-25
2.33884e+03,1.61053e-24,4.12884e-25,4.06642e-25
2.34074e+03,1.61178e-24,4.11930e-25,4.05573e-25
2.34264e+03,1.61302e-24,4.10985e-25,4.04514e-25
2.34454e+03,1.61427e-24,4.10049e-25,4.03463e-25
2.34644e+03,1.61551e-24,4.09122e-25,4.02421e-25
2.34835e+03,1.61676e-24,4.08205e-25,4.01388e-25
2.35025e+03,1.61801e-24,4.07297e-25,4.00365e-25
2.35216e+03,1.61926e-24,4.06399e-25,3.99351e-25
2.35407e+03,1.62051e-24,4.05510e-25,3.98347e-25
2.35598e+03,1.62176e-24,4.04632e-25,3.97353e-25
2.35789e+03,1.62301e-24,4.03763e-25,3.96368e-25
2.35980e+03,1.62427e-24,4.02904e-25,3.95394e-25
2.36171e+03,1.62552e-24,4.02056e-25,3.94429e-25
2.36363e+03,1.62678e-24,4.01218e-25,3.93475e-25
2.36555e+03,1.62803e-24,4.00390e-25,3.92531e-25
2.36747e+03,1.62929e-24,3.99573e-25,3.91598e-25
2.36939e+03,1.63055e-24,3.98767e-25,3.90676e-25
2.37131e+03,1.63181e-24,3.97972e-25,3.89764e-25
2.37323e+03,1.63307e-24,3.97187e-25,3.88864e-25
2.37516e+03,1.63433e-24,3.96414e-25,3.87975e-25
2.37709e+03,1.63560e-24,3.95652e-25,3.87097e-25
2.37901e+03,1.63686e-24,3.94902e-25,3.86230e-25
2.38094e+03,1.63813e-24,3.94163e-25,3.85375e-25
2.38288e+03,1.63939e-24,3.93436e-25,3.84532e-25
2.38481e+03,1.64066e-24,3.92720e-25,3.83701e-25
2.38674e+03,1.64193e-24,3.92017e-25,3.82882e-25
2.38868e+03,1.64320e-24,3.91325e-25,3.82075e-25
2.39062e+03,1.64447e-24,3.90646e-25,3.81281e-25
2.39256e+03,1.64574e-24,3.89979e-25,3.80499e-25
2.39450e+03,1.64702e-24,3.89325e-25,3.79729e-25
2.39644e+03,1.64829e-24,3.88683e-25,3.78973e-25
2.39838e+03,1.64957e-24,3.88053e-25,3.78230e-25
2.40033e+03,1.65084e-24,3.87437e-25,3.77499e-25
2.40228e+03,1.65212e-24,3.86834e-25,3.76782e-25
2.40423e+03,1.65340e-24,3.86244e-25,3.76079e-25
2.40618e+03,1.65468e-24,3.85667e-25,3.75389e-25
2.40813e+03,1.65596e-24,3.85103e-25,3.74712e-25
2.41008e+03,1.65724e-24,3.84553e-25,3.74050e-25
2.41204e+03,1.65853e-24,3.84017e-25,3.73402e-25
2.41399e+03,1.65981e-24,3.83495e-25,3.72768e-25
2.41595e+03,1.66110e-24,3.82986e-25,3.72148e-25
2.41791e+03,1.66238e-24,3.82491e-25,3.71543e-25
2.41987e+03,1.66367e-24,3.82011e-25,3.70953e-25
2.42184e+03,1.66496e-24,3.81545e-25,3.70377e-25
2.42380e+03,1.66625e-24,3.81093e-25,3.69816e-25
2.42577e+03,1.66754e-24,3.80656e-25,3.69271e-25
2.42774e+03,1.66883e-24,3.80234e-25,3.68740e-25
2.42971e+03,1.67013e-24,3.79826e-25,3.68225e-25
2.43168e+03,1.67142e-24,3.79433e-25,3.67726e-25
2.43365e+03,1.67272e-24,3.79056e-25,3.67242e-25
2.43562e+03,1.67401e-24,3.78693e-25,3.66775e-25
2.43760e+03,1.67531e-24,3.78346e-25,3.66323e-25
2.43958e+03,1.67661e-24,3.78014e-25,3.65887e-25
2.44156e+03,1.67791e-24,3.77698e-25,3.65468e-25
2.44354e+03,1.67921e-24,3.77397e-25,3.65065e-25
2.44552e+03,1.68051e-24,3.77113e-25,3.64678e-25
2.44750e+03,1.68182e-24,3.76844e-25,3.64309e-25
2.44949e+03,1.68312e-24,3.76591e-25,3.63956e-25
2.45148e+03,1.68442e-24,3.76354e-25,3.63620e-25
2.45347e+03,1.68573e-24,3.76134e-25,3.63301e-25
2.45546e+03,1.68704e-24,3.75929e-25,3.63000e-25
2.45745e+03,1.68835e-24,3.75742e-25,3.62715e-25
2.45944e+03,1.68966e-24,3.75570e-25,3.62449e-25
2.46144e+03,1.69097e-24,3.75416e-25,3.62200e-25
2.46343e+03,1.69228e-24,3.75278e-25,3.61968e-25
2.46543e+03,1.69359e-24,3.75157e-25,3.61755e-25
2.46743e+03,1.69491e-24,3.75053e-25,3.61559e-25
2.46943e+03,1.69622e-24,3.74966e-25,3.61382e-25
2.47144e+03,1.69754e-24,3.74896e-25,3.61223e-25
2.47344e+03,1.69886e-24,3.74844e-25,3.61082e-25
2.47545e+03,1.70018e-24,3.74808e-25,3.60959e-25
2.47746e+03,1.70150e-24,3.74791e-25,3.60856e-25
2.47947e+03,1.70282e-24,3.74790e-25,3.60770e-25
2.48148e+03,1.70414e-24,3.74808e-25,3.60704e-25
2.48349e+03,1.70547e-24,3.74843e-25,3.60656e-25
2.48551e+03,1.70679e-24,3.74895e-25,3.60628e-25
2.48752e+03,1.70812e-24,3.74966e-25,3.60618e-25
2.48954e+03,1.70944e-24,3.75055e-25,3.60627e-25
2.49156e+03,1.71077e-24,3.75161e-25,3.60656e-25
2.49358e+03,1.71210e-24,3.75286e-25,3.60704e-25
2.49560e+03,1.71343e-24,3.75428e-25,3.60772e-25
2.49763e+03,1.71476e-24,3.75589e-25,3.60859e-25
2.49966e+03,1.71610e-24,3.75768e-25,3.60965e-25
2.50168e+03,1.71743e-24,3.75966e-25,3.61091e-25
2.50371e+03,1.71876e-24,3.76182e-25,3.61237e-25
2.50574e+03,1.72010e-24,3.76416e-25,3.61403e-25
2.50778e+03,1.72144e-24,3.76669e-25,3.61588e-25
2.50981e+03,1.72278e-24,3.76940e-25,3.61794e-25
2.51185e+03,1.72412e-24,3.77230e-25,3.62019e-25
2.51389e+03,1.72546e-24,3.77539e-25,3.62265e-25
2.51592e+03,1.72680e-24,3.77866e-25,3.62530e-25
2.51797e+03,1.72814e-24,3.78212e-25,3.62816e-25
2.52001e+03,1.72949e-24,3.78577e-25,3.63121e-25
2.52205e+03,1.73083e-24,3.78961e-25,3.63448e-25
2.52410e+03,1.73218e-24,3.79363e-25,3.63794e-25
2.52615e+03,1.73353e-24,3.79785e-25,3.64161e-25
2.52820e+03,1.73487e-24,3.80225e-25,3.64547e-25
2.53025e+03,1.73622e-24,3.80684e-25,3.64955e-25
2.53230e+03,1.73757e-24,3.81162e-25,3.65383e-25
2.53435e+03,1.73893e-24,3.81659e-25,3.65831e-25
2.53641e+03,1.74028e-24,3.82175e-25,3.66299e-25
2.53847e+03,1.74164e-24,3.82711e-25,3.66789e-25
2.54053e+03,1.74299e-24,3.83265e-25,3.67298e-25
2.54259e+03,1.74435e-24,3.83838e-25,3.67828e-25
2.54465e+03,1.74571e-24,3.84430e-25,3.68379e-25
2.54672e+03,1.74707e-24,3.85041e-25,3.68950e-25
2.54878e+03,1.74843e-24,3.85672e-25,3.69542e-25
2.55085e+03,1.74979e-24,3.86321e-25,3.70154e-25
2.55292e+03,1.75115e-24,3.86989e-25,3.70787e-25
2.55499e+03,1.75251e-24,3.87677e-25,3.71440e-25
2.55706e+03,1.75388e-24,3.88383e-25,3.72114e-25
2.55914e+03,1.75525e-24,3.89109e-25,3.72808e-25
2.56121e+03,1.75661e-24,3.89854e-25,3.73523e-25
2.56329e+03,1.75798e-24,3.90617e-25,3.74258e-25
2.56537e+03,1.75935e-24,3.91400e-25,3.75014e-25
2.56745e+03,1.76072e-24,3.92201e-25,3.75790e-25
2.56953e+03,1.76209e-24,3.93022e-25,3.76587e-25
2.57162e+03,1.76347e-24,3.93861e-25,3.77404e-25
2.57370e+03,1.76484e-24,3.94719e-25,3.78241e-25
2.57579e+03,1.76622e-24,3.95597e-25,3.79099e-25
2.57788e+03,1.76759e-24,3.96493e-25,3.79977e-25
2.57997e+03,1.76897e-24,3.97408e-25,3.80875e-25
2.58207e+03,1.77035e-24,3.98341e-25,3.81793e-25
2.58416e+03,1.77173e-24,3.99294e-25,3.82732e-25
2.58626e+03,1.77311e-24,4.00265e-25,3.83690e-25
2.58836e+03,1.77450e-24,4.01255e-25,3.84669e-25
2.59046e+03,1.77588e-24,4.02263e-25,3.85668e-25
2.59256e+03,1.77727e-24,4.03290e-25,3.86686e-25
2.59466e+03,1.77865e-24,4.04336e-25,3.87725e-25
2.59677e+03,1.78004e-24,4.05400e-25,3.88784e-25
2.59887e+03,1.78143e-24,4.06482e-25,3.89862e-25
2.60098e+03,1.78282e-24,4.07583e-25,3.90960e-25
2.60309e+03,1.78421e-24,4.08702e-25,3.92078e-25
2.60520e+03,1.78560e-24,4.09840e-25,3.93215e-25
2.60732e+03,1.78699e-24,4.10996e-25,3.94372e-25
2.60943e+03,1.78839e-24,4.12170e-25,3.95549e-25
2.61155e+03,1.78978e-24,4.13362e-25,3.96744e-25
2.61367e+03,1.79118e-24,4.14572e-25,3.97960e-25
2.61579e+03,1.79258e-24,4.15800e-25,3.99194e-25
2.61791e+03,1.79398e-24,4.17046e-25,4.00448e-25
2.62003e+03,1.79538e-24,4.18310e-25,4.01721e-25
2.62216e+03,1.79678e-24,4.19592e-25,4.03013e-25
2.62429e+03,1.79818e-24,4.20892e-25,4.04323e-25
2.62641e+03,1.79959e-24,4.22209e-25,4.05653e-25
2.62855e+03,1.80099e-24,4.23544e-25,4.07002e-25
2.63068e+03,1.80240e-24,4.24897e-25,4.08369e-25
2.63281e+03,1.80381e-24,4.26267e-25,4.09755e-25
2.63495e+03,1.80522e-24,4.27654e-25,4.11160e-25
2.63709e+03,1.80663e-24,4.29059e-25,4.12583e-25
2.63923e+03,1.80804e-24,4.30481e-25,4.14025e-25
2.64137e+03,1.80945e-24,4.31920e-25,4.15484e-25
2.64351e+03,1.81087e-24,4.33377e-25,4.16962e-25
2.64565e+03,1.81228e-24,4.34850e-25,4.18459e-25
2.64780e+03,1.81370e-24,4.36341e-25,4.19973e-25
2.64995e+03,1.81511e-24,4.37848e-25,4.21505e-25
2.65210e+03,1.81653e-24,4.39372e-25,4.23056e-25
2.65425e+03,1.81795e-24,4.40913e-25,4.24624e-25
2.65640e+03,1.81937e-24,4.42471e-25,4.26209e-25
2.65856e+03,1.82080e-24,4.44045e-25,4.27813e-25
2.66071e+03,1.82222e-24,4.45636e-25,4.29434e-25
2.66287e+03,1.82364e-24,4.47243e-25,4.31072e-25
2.66503e+03,1.82507e-24,4.48867e-25,4.32728e-25
2.66720e+03,1.82650e-24,4.50507e-25,4.34401e-25
2.66936e+03,1.82793e-24,4.52163e-25,4.36091e-25
2.67152e+03,1.82936e-24,4.53836e-25,4.37798e-25
2.67369e+03,1.83079e-24,4.55524e-25,4.39522e-25
2.67586e+03,1.83222e-24,4.57228e-25,4.41263e-25
2.67803e+03,1.83365e-24,4.58949e-25,4.43021e-25
2.68020e+03,1.83509e-24,4.60685e-25,4.44795e-25
2.68238e+03,1.83652e-24,4.62437e-25,4.46587e-25
2.68455e+03,1.83796e-24,4.64204e-25,4.48394e-25
2.68673e+03,1.83940e-24,4.65987e-25,4.50219e-25
2.68891e+03,1.84084e-24,4.67786e-25,4.52059e-25
2.69109e+03,1.84228e-24,4.69600e-25,4.53916e-25
2.69328e+03,1.84372e-24,4.71430e-25,4.55789e-25
2.69546e+03,1.84516e-24,4.73274e-25,4.57678e-25
2.69765e+03,1.84661e-24,4.75134e-25,4.59583e-25
2.69984e+03,1.84805e-24,4.77009e-25,4.61504e-25
2.70203e+03,1.84950e-24,4.78899e-25,4.63440e-25
2.70422e+03,1.85095e-24,4.80804e-25,4.65392e-25
2.70641e+03,1.85240e-24,4.82724e-25,4.67360e-25
2.70861e+03,1.85385e-24,4.84659e-25,4.69344e-25
2.71081e+03,1.85530e-24,4.86608e-25,4.71343e-25
2.71301e+03,1.85675e-24,4.88572e-25,4.73357e-25
2.71521e+03,1.85821e-24,4.90551e-25,4.75387e-25
2.71741e+03,1.85966e-24,4.92544e-25,4.77431e-25
2.71961e+03,1.86112e-24,4.94552e-25,4.79491e-25
2.72182e+03,1.86258e-24,4.96574e-25,4.81566e-25
2.72403e+03,1.86403e-24,4.98610e-25,4.83656e-25
2.72624e+03,1.86549e-24,5.00660e-25,4.85760e-25
2.72845e+03,1.86696e-24,5.02724e-25,4.87879e-25
2.73066e+03,1.86842e-24,5.04803e-25,4.90013e-25
2.73288e+03,1.86988e-24,5.06895e-25,4.92162e-25
2.73510e+03,1.87135e-24,5.09002e-25,4.94325e-25
2.73731e+03,1.87282e-24,5.11122e-25,4.96502e-25
2.73953e+03,1.87428e-24,5.13256e-25,4.98694e-25
2.74176e+03,1.87575e-24,5.15403e-25,5.00900e-25
2.74398e+03,1.87722e-24,5.17564e-25,5.03120e-25
2.74621e+03,1.87869e-24,5.19739e-25,5.05354e-25
2.74844e+03,1.88017e-24,5.21927e-25,5.07603e-25
2.75067e+03,1.88164e-24,5.24128e-25,5.09865e-25
2.75290e+03,1.88312e-24,5.26343e-25,5.12141e-25
2.75513e+03,1.88459e-24,5.28571e-25,5.14431e-25
2.75737e+03,1.88607e-24,5.30813e-25,5.16734e-25
2.75960e+03,1.88755e-24,5.33067e-25,5.19051e-25
2.76184e+03,1.88903e-24,5.35334e-25,5.21382e-25
2.76408e+03,1.89051e-24,5.37615e-25,5.23726e-25
2.76632e+03,1.89200e-24,5.39908e-25,5.26083e-25
2.76857e+03,1.89348e-24,5.42214e-25,5.28454e-25
2.77081e+03,1.89497e-24,5.44533e-25,5.30838e-25
2.77306e+03,1.89645e-24,5.46864e-25,5.33235e-25
2.77531e+03,1.89794e-24,5.49208e-25,5.35645e-25
2.77756e+03,1.89943e-24,5.51565e-25,5.38069e-25
2.77982e+03,1.90092e-24,5.53934e-25,5.40505e-25
2.78207e+03,1.90241e-24,5.56316e-25,5.42954e-25
2.78433e+03,1.90391e-24,5.58710e-25,5.45416e-25
2.78659e+03,1.90540e-24,5.61117e-25,5.47891e-25
2.78885e+03,1.90690e-24,5.63535e-25,5.50379e-25
2.79111e+03,1.90839e-24,5.65966e-25,5.52879e-25
2.79337e+03,1.90989e-24,5.68409e-25,5.55391e-25
2.79564e+03,1.91139e-24,5.70865e-25,5.57916e-25
2.79791e+03,1.91289e-24,5.73332e-25,5.60454e-25
2.80018e+03,1.91439e-24,5.75811e-25,5.63004e-25
2.80245e+03,1.91590e-24,5.78302e-25,5.65566e-25
2.80472e+03,1.91740e-24,5.80805e-25,5.68141e-25
2.80700e+03,1.91891e-24,5.83319e-25,5.70727e-25
2.80928e+03,1.92041e-24,5.85846e-25,5.73326e-25
2.81156e+03,1.92192e-24,5.88384e-25,5.75937e-25
2.81384e+03,1.92343e-24,5.90934e-25,5.78560e-25
2.81612e+03,1.92494e-24,5.93495e-25,5.81194e-25
2.81840e+03,1.92646e-24,5.96068e-25,5.83841e-25
2.82069e+03,1.92797e-24,5.98652e-25,5.86500e-25
2.82298e+03,1.92948e-24,6.01248e-25,5.89170e-25
2.82527e+03,1.93100e-24,6.03855e-25,5.91852e-25
2.82756e+03,1.93252e-24,6.06474e-25,5.94545e-25
2.82985e+03,1.93404e-24,6.09103e-25,5.97251e-25
2.83215e+03,1.93556e-24,6.11744e-25,5.99968e-25
2.83445e+03,1.93708e-24,6.14396e-25,6.02696e-25
2.83675e+03,1.93860e-24,6.17060e-25,6.05436e-25
2.83905e+03,1.94013e-24,6.19734e-25,6.08187e-25
2.84135e+03,1.94165e-24,6.22419e-25,6.10949e-25
2.84366e+03,1.94318e-24,6.25115e-25,6.13723e-25
2.84596e+03,1.94471e-24,6.27823e-25,6.16508e-25
2.84827e+03,1.94623e-24,6.30541e-25,6.19305e-25
2.85058e+03,1.94776e-24,6.33270e-25,6.22112e-25
2.85290e+03,1.94930e-24,6.36010e-25,6.24931e-25
2.85521e+03,1.95083e-24,6.38760e-25,6.27760e-25
2.85753e+03,1.95236e-24,6.41521e-25,6.30601e-25
2.85984e+03,1.95390e-24,6.44293e-25,6.33453e-25
2.86217e+03,1.95544e-24,6.47076e-25,6.36315e-25
2.86449e+03,1.95697e-24,6.49869e-25,6.39189e-25
2.86681e+03,1.95851e-24,6.52672e-25,6.42073e-25
2.86914e+03,1.96006e-24,6.55486e-25,6.44968e-25
2.87146e+03,1.96160e-24,6.58311e-25,6.47874e-25
2.87379e+03,1.96314e-24,6.61146e-25,6.50791e-25
2.87613e+03,1.96469e-24,6.63991e-25,6.53718e-25
2.87846e+03,1.96623e-24,6.66847e-25,6.56656e-25
2.88079e+03,1.96778e-24,6.69713e-25,6.59604e-25
2.88313e+03,1.96933e-24,6.72589e-25,6.62563e-25
2.88547e+03,1.97088e-24,6.75476e-25,6.65533e-25
2.88781e+03,1.97243e-24,6.78373e-25,6.68513e-25
2.89015e+03,1.97398e-24,6.81279e-25,6.71503e-25
2.89250e+03,1.97554e-24,6.84196e-25,6.74504e-25
2.89484e+03,1.97709e-24,6.87123e-25,6.77516e-25
2.89719e+03,1.97865e-24,6.90061e-25,6.80537e-25
2.89954e+03,1.98021e-24,6.93008e-25,6.83569e-25
2.90190e+03,1.98177e-24,6.95965e-25,6.86611e-25
2.90425e+03,1.98333e-24,6.98932e-25,6.89664e-25
2.90661e+03,1.98489e-24,7.01909e-25,6.92726e-25
2.90896e+03,1.98645e-24,7.04896e-25,6.95799e-25
2.91132e+03,1.98802e-24,7.07893e-25,6.98882e-25
2.91369e+03,1.98958e-24,7.10899e-25,7.01975e-25
2.91605e+03,1.99115e-24,7.13915e-25,7.05078e-25
2.91842e+03,1.99272e-24,7.16941e-25,7.08191e-25
2.92078e+03,1.99429e-24,7.19977e-25,7.11314e-25
2.92315e+03,1.99586e-24,7.23023e-25,7.14448e-25
2.92552e+03,1.99743e-24,7.26078e-25,7.17591e-25
2.92790e+03,1.99901e-24,7.29143e-25,7.20744e-25
2.93027e+03,2.00058e-24,7.32217e-25,7.23907e-25
2.93265e+03,2.00216e-24,7.35301e-25,7.27079e-25
2.93503e+03,2.00374e-24,7.38395e-25,7.30262e-25
2.93741e+03,2.00532e-24,7.41498e-25,7.33454e-25
2.93979e+03,2.00690e-24,7.44611e-25,7.36656e-25
2.94218e+03,2.00848e-24,7.47733e-25,7.39868e-25
2.94456e+03,2.01006e-24,7.50865e-25,7.43090e-25
2.94695e+03,2.01165e-24,7.54006e-25,7.46322e-25
2.94934e+03,2.01323e-24,7.57156e-25,7.49563e-25
2.95174e+03,2.01482e-24,7.60316e-25,7.52813e-25
2.95413e+03,2.01641e-24,7.63485e-25,7.56074e-25
2.95653e+03,2.01800e-24,7.66663e-25,7.59344e-25
2.95893e+03,2.01959e-24,7.69851e-25,7.62623e-25
2.96133e+03,2.02118e-24,7.73048e-25,7.65913e-25
2.96373e+03,2.02278e-24,7.76255e-25,7.69211e-25
2.96613e+03,2.02437e-24,7.79470e-25,7.72520e-25
2.96854e+03,2.02597e-24,7.82695e-25,7.75837e-25
2.97095e+03,2.02757e-24,7.85929e-25,7.79165e-25
2.97336e+03,2.02917e-24,7.89172e-25,7.82501e-25
2.97577e+03,2.03077e-24,7.92425e-25,7.85847e-25
2.97818e+03,2.03237e-24,7.95686e-25,7.89203e-25
2.98060e+03,2.03397e-24,7.98957e-25,7.92568e-25
2.98302e+03,2.03558e-24,8.02236e-25,7.95942e-25
2.98544e+03,2.03718e-24,8.05525e-25,7.99326e-25
2.98786e+03,2.03879e-24,8.08823e-25,8.02719e-25
2.99028e+03,2.04040e-24,8.12130e-25,8.06121e-25
2.99271e+03,2.04201e-24,8.15446e-25,8.09533e-25
2.99514e+03,2.04362e-24,8.18771e-25,8.12954e-25
2.99757e+03,2.04524e-24,8.22105e-25,8.16385e-25
3.00000e+03,2.04685e-24,8.25448e-25,8.19824e-25
3.00243e+03,2.04847e-24,8.28799e-25,8.23273e-25
3.00487e+03,2.05008e-24,8.32160e-25,8.26731e-25
3.00731e+03,2.05170e-24,8.35530e-25,8.30198e-25
3.00975e+03,2.05332e-24,8.38908e-25,8.33675e-25
3.01219e+03,2.05494e-24,8.42296e-25,8.37160e-25
3.01463e+03,2.05657e-24,8.45692e-25,8.40655e-25
3.01708e+03,2.05819e-24,8.49097e-25,8.44159e-25
3.01953e+03,2.05982e-24,8.52511e-25,8.47672e-25
3.02198e+03,2.06144e-24,8.55934e-25,8.51194e-25
3.02443e+03,2.06307e-24,8.59366e-25,8.54726e-25
3.02688e+03,2.06470e-24,8.62806e-25,8.58266e-25
3.02934e+03,2.06633e-24,8.66255e-25,8.61816e-25
3.03179e+03,2.06797e-24,8.69713e-25,8.65374e-25
3.03425e+03,2.06960e-24,8.73180e-25,8.68942e-25
3.03671e+03,2.07123e-24,8.76655e-25,8.72519e-25
3.03918e+03,2.07287e-24,8.80140e-25,8.76105e-25
3.04164e+03,2.07451e-24,8.83633e-25,8.79700e-25
3.04411e+03,2.07615e-24,8.87134e-25,8.83304e-25
3.04658e+03,2.07779e-24,8.90645e-25,8.86916e-25
3.04905e+03,2.07943e-24,8.94164e-25,8.90538e-25
3.05153e+03,2.08107e-24,8.97691e-25,8.94169e-25
3.05400e+03,2.08272e-24,9.01228e-25,8.97809e-25
3.05648e+03,2.08437e-24,9.04773e-25,9.01458e-25
3.05896e+03,2.08601e-24,9.08326e-25,9.05116e-25
3.06144e+03,2.08766e-24,9.11888e-25,9.08783e-25
3.06392e+03,2.08931e-24,9.15459e-25,9.12458e-25
3.06641e+03,2.09096e-24,9.19039e-25,9.16143e-25
3.06890e+03,2.09262e-24,9.22627e-25,9.19837e-25
3.07139e+03,2.09427e-24,9.26224e-25,9.23539e-25
3.07388e+03,2.09593e-24,9.29829e-25,9.27251e-25
3.07637e+03,2.09759e-24,9.33443e-25,9.30971e-25
3.07887e+03,2.09925e-24,9.37065e-25,9.34700e-25
3.08137e+03,2.10091e-24,9.40696e-25,9.38438e-25
3.08387e+03,2.10257e-24,9.44335e-25,9.42185e-25
3.08637e+03,2.10423e-24,9.47983e-25,9.45941e-25
3.08887e+03,2.10590e-24,9.51640e-25,9.49706e-25
3.09138e+03,2.10756e-24,9.55305e-25,9.53480e-25
3.09389e+03,2.10923e-24,9.58978e-25,9.57262e-25
3.09640e+03,2.11090e-24,9.62661e-25,9.61054e-25
3.09891e+03,2.11257e-24,9.66351e-25,9.64854e-25
3.10142e+03,2.11424e-24,9.70050e-25,9.68663e-25
3.10394e+03,2.11591e-24,9.73758e-25,9.72481e-25
3.10646e+03,2.11759e-24,9.77474e-25,9.76308e-25
3.10898e+03,2.11926e-24,9.81198e-25,9.80143e-25
3.11150e+03,2.12094e-24,9.84931e-25,9.83988e-25
3.11402e+03,2.12262e-24,9.88673e-25,9.87841e-25
3.11655e+03,2.12430e-24,9.92422e-25,9.91703e-25
3.11908e+03,2.12598e-24,9.96181e-25,9.95574e-25
3.12161e+03,2.12766e-24,9.99947e-25,9.99454e-25
3.12414e+03,2.12935e-24,1.00372e-24,1.00334e-24
3.12667e+03,2.13103e-24,1.00751e-24,1.00724e-24
3.12921e+03,2.13272e-24,1.01130e-24,1.01115e-24
3.13175e+03,2.13441e-24,1.01510e-24,1.01506e-24
3.13429e+03,2.13610e-24,1.01891e-24,1.01898e-24
3.13683e+03,2.13779e-24,1.02272e-24,1.02292e-24
3.13938e+03,2.13948e-24,1.02655e-24,1.02686e-24
3.14192e+03,2.14118e-24,1.03038e-24,1.03081e-24
3.14447e+03,2.14287e-24,1.03423e-24,1.03477e-24
3.14702e+03,2.14457e-24,1.03808e-24,1.03874e-24
3.14958e+03,2.14627e-24,1.04194e-24,1.04271e-24
3.15213e+03,2.14797e-24,1.04581e-24,1.04670e-24
3.15469e+03,2.14967e-24,1.04968e-24,1.05069e-24
3.15725e+03,2.15137e-24,1.05357e-24,1.05469e-24
3.15981e+03,2.15308e-24,1.05746e-24,1.05871e-24
3.16237e+03,2.15479e-24,1.06136e-24,1.06273e-24
3.16494e+03,2.15649e-24,1.06527e-24,1.06676e-24
3.16751e+03,2.15820e-24,1.06919e-24,1.07079e-24
3.17008e+03,2.15991e-24,1.07311e-24,1.07484e-24
3.17265e+03,2.16162e-24,1.07705e-24,1.07890e-24
3.17522e+03,2.16334e-24,1.08099e-24,1.08296e-24
3.17780e+03,2.16505e-24,1.08494e-24,1.08703e-24
3.18038e+03,2.16677e-24,1.08890e-24,1.09112e-24
3.18296e+03,2.16848e-24,1.09287e-24,1.09521e-24
3.18554e+03,2.17020e-24,1.09685e-24,1.09931e-24
3.18812e+03,2.17192e-24,1.10083e-24,1.10342e-24
3.19071e+03,2.17365e-24,1.10483e-24,1.10753e-24
3.19330e+03,2.17537e-24,1.10883e-24,1.11166e-24
3.19589e+03,2.17709e-24,1.11284e-24,1.11579e-24
3.19848e+03,2.17882e-24,1.11686e-24,1.11994e-24
3.20108e+03,2.18055e-24,1.12088e-24,1.12409e-24
3.20367e+03,2.18228e-24,1.12492e-24,1.12825e-24
3.20627e+03,2.18401e-24,1.12896e-24,1.13242e-24
3.20887e+03,2.18574e-24,1.13301e-24,1.13660e-24
3.21148e+03,2.18747e-24,1.13707e-24,1.14079e-24
3.21408e+03,2.18921e-24,1.14114e-24,1.14498e-24
3.21669e+03,2.19094e-24,1.14522e-24,1.14919e-24
3.21930e+03,2.19268e-24,1.14930e-24,1.15340e-24
3.22191e+03,2.19442e-24,1.15340e-24,1.15763e-24
3.22452e+03,2.19616e-24,1.15750e-24,1.16186e-24
3.22714e+03,2.19791e-24,1.16161e-24,1.16610e-24
3.22976e+03,2.19965e-24,1.16573e-24,1.17035e-24
3.23238e+03,2.20139e-24,1.16986e-24,1.17461e-24
3.23500e+03,2.20314e-24,1.17399e-24,1.17887e-24
3.23762e+03,2.20489e-24,1.17814e-24,1.18315e-24
3.24025e+03,2.20664e-24,1.18229e-24,1.18743e-24
3.24288e+03,2.20839e-24,1.18645e-24,1.19173e-24
3.24551e+03,2.21014e-24,1.19062e-24,1.19603e-24
3.24814e+03,2.21190e-24,1.19479e-24,1.20034e-24
3.25078e+03,2.21365e-24,1.19898e-24,1.20466e-24
3.25342e+03,2.21541e-24,1.20317e-24,1.20899e-24
3.25605e+03,2.21717e-24,1.20738e-24,1.21333e-24
3.25870e+03,2.21893e-24,1.21159e-24,1.21767e-24
3.26134e+03,2.22069e-24,1.21581e-24,1.22203e-24
3.26399e+03,2.22245e-24,1.22003e-24,1.22639e-24
3.26663e+03,2.22422e-24,1.22427e-24,1.23077e-24
3.26928e+03,2.22598e-24,1.22851e-24,1.23515e-24
3.27194e+03,2.22775e-24,1.23277e-24,1.23954e-24
3.27459e+03,2.22952e-24,1.23703e-24,1.24394e-24
3.27725e+03,2.23129e-24,1.24130e-24,1.24835e-24
3.27991e+03,2.23306e-24,1.24558e-24,1.25277e-24
3.28257e+03,2.23484e-24,1.24986e-24,1.25720e-24
3.28523e+03,2.23661e-24,1.25416e-24,1.26163e-24
3.28789e+03,2.23839e-24,1.25846e-24,1.26608e-24
3.29056e+03,2.24017e-24,1.26277e-24,1.27053e-24
3.29323e+03,2.24195e-24,1.26709e-24,1.27499e-24
3.29590e+03,2.24373e-24,1.27142e-24,1.27947e-24
3.29858e+03,2.24551e-24,1.27576e-24,1.28395e-24
3.30125e+03,2.24729e-24,1.28010e-24,1.28844e-24
3.30393e+03,2.24908e-24,1.28446e-24,1.29293e-24
3.30661e+03,2.25087e-24,1.28882e-24,1.29744e-24
3.30929e+03,2.25266e-24,1.29319e-24,1.30196e-24
3.31198e+03,2.25445e-24,1.29757e-24,1.30648e-24
3.31467e+03,2.25624e-24,1.30196e-24,1.31102e-24
3.31735e+03,2.25803e-24,1.30635e-24,1.31556e-24
3.32005e+03,2.25983e-24,1.31076e-24,1.32011e-24
3.32274e+03,2.26162e-24,1.31517e-24,1.32468e-24
3.32543e+03,2.26342e-24,1.31959e-24,1.32925e-24
3.32813e+03,2.26522e-24,1.32402e-24,1.33383e-24
3.33083e+03,2.26702e-24,1.32846e-24,1.33842e-24
3.33353e+03,2.26882e-24,1.33291e-24,1.34301e-24
3.33624e+03,2.27062e-24,1.33736e-24,1.34762e-24
3.33895e+03,2.27243e-24,1.34182e-24,1.35224e-24
3.34165e+03,2.27424e-24,1.34630e-24,1.35686e-24
3.34437e+03,2.27605e-24,1.35078e-24,1.36150e-24
3.34708e+03,2.27786e-24,1.35527e-24,1.36614e-24
3.34979e+03,2.27967e-24,1.35977e-24,1.37079e-24
3.35251e+03,2.28148e-24,1.36427e-24,1.37545e-24
3.35523e+03,2.28329e-24,1.36879e-24,1.38012e-24
3.35795e+03,2.28511e-24,1.37331e-24,1.38480e-24
3.36068e+03,2.28693e-24,1.37784e-24,1.38949e-24
3.36340e+03,2.28875e-24,1.38238e-24,1.39419e-24
3.36613e+03,2.29057e-24,1.38693e-24,1.39890e-24
3.36886e+03,2.29239e-24,1.39149e-24,1.40361e-24
3.37160e+03,2.29421e-24,1.39606e-24,1.40834e-24
3.37433e+03,2.29604e-24,1.40063e-24,1.41307e-24
3.37707e+03,2.29787e-24,1.40521e-24,1.41782e-24
3.37981e+03,2.29969e-24,1.40981e-24,1.42257e-24
3.38255e+03,2.30152e-24,1.41441e-24,1.42733e-24
3.38529e+03,2.30335e-24,1.41902e-24,1.43211e-24
3.38804e+03,2.30519e-24,1.42363e-24,1.43689e-24
3.39079e+03,2.30702e-24,1.42826e-24,1.44168e-24
3.39354e+03,2.30886e-24,1.43290e-24,1.44648e-24
3.39629e+03,2.31070e-24,1.43754e-24,1.45128e-24
3.39905e+03,2.31253e-24,1.44219e-24,1.45610e-24
3.40181e+03,2.31438e-24,1.44685e-24,1.46093e-24
3.40457e+03,2.31622e-24,1.45152e-24,1.46577e-24
3.40733e+03,2.31806e-24,1.45620e-24,1.47061e-24
3.41009e+03,2.31991e-24,1.46089e-24,1.47547e-24
3.41286e+03,2.32175e-24,1.46558e-24,1.48033e-24
3.41563e+03,2.32360e-24,1.47029e-24,1.48520e-24
3.41840e+03,2.32545e-24,1.47500e-24,1.49009e-24
3.42117e+03,2.32730e-24,1.47972e-24,1.49498e-24
3.42395e+03,2.32916e-24,1.48445e-24,1.49988e-24
3.42672e+03,2.33101e-24,1.48919e-24,1.50479e-24
3.42950e+03,2.33287e-24,1.49394e-24,1.50971e-24
3.43229e+03,2.33473e-24,1.49869e-24,1.51464e-24
3.43507e+03,2.33659e-24,1.50346e-24,1.51958e-24
3.43786e+03,2.33845e-24,1.50823e-24,1.52453e-24
3.44065e+03,2.34031e-24,1.51302e-24,1.52949e-24
3.44344e+03,2.34217e-24,1.51781e-24,1.53446e-24
3.44623e+03,2.34404e-24,1.52261e-24,1.53943e-24
3.44903e+03,2.34591e-24,1.52742e-24,1.54442e-24
3.45183e+03,2.34778e-24,1.53223e-24,1.54942e-24
3.45463e+03,2.34965e-24,1.53706e-24,1.55442e-24
3.45743e+03,2.35152e-24,1.54190e-24,1.55944e-24
3.46023e+03,2.35339e-24,1.54674e-24,1.56446e-24
3.46304e+03,2.35527e-24,1.55159e-24,1.56950e-24
3.46585e+03,2.35714e-24,1.55645e-24,1.57454e-24
3.46866e+03,2.35902e-24,1.56133e-24,1.57959e-24
3.47148e+03,2.36090e-24,1.56620e-24,1.58466e-24
3.47429e+03,2.36278e-24,1.57109e-24,1.58973e-24
3.47711e+03,2.36467e-24,1.57599e-24,1.59481e-24
3.47993e+03,2.36655e-24,1.58090e-24,1.59990e-24
3.48275e+03,2.36844e-24,1.58581e-24,1.60500e-24
3.48558e+03,2.37033e-24,1.59073e-24,1.61011e-24
3.48841e+03,2.37221e-24,1.59567e-24,1.61523e-24
3.49124e+03,2.37411e-24,1.60061e-24,1.62036e-24
3.49407e+03,2.37600e-24,1.60556e-24,1.62550e-24
3.49690e+03,2.37789e-24,1.61052e-24,1.63065e-24
3.49974e+03,2.37979e-24,1.61549e-24,1.63581e-24
3.50258e+03,2.38169e-24,1.62046e-24,1.64098e-24
3.50542e+03,2.38359e-24,1.62545e-24,1.64616e-24
3.50827e+03,2.38549e-24,1.63044e-24,1.65135e-24
3.51111e+03,2.38739e-24,1.63545e-24,1.65654e-24
3.51396e+03,2.38929e-24,1.64046e-24,1.66175e-24
3.51681e+03,2.39120e-24,1.64548e-24,1.66697e-24
3.51966e+03,2.39310e-24,1.65051e-24,1.67220e-24
3.52252e+03,2.39501e-24,1.65555e-24,1.67743e-24
3.52538e+03,2.39692e-24,1.66060e-24,1.68268e-24
3.52824e+03,2.39884e-24,1.66566e-24,1.68793e-24
3.53110e+03,2.40075e-24,1.67073e-24,1.69320e-24
3.53396e+03,2.40266e-24,1.67580e-24,1.69848e-24
3.53683e+03,2.40458e-24,1.68089e-24,1.70376e-24
3.53970e+03,2.40650e-24,1.68598e-24,1.70906e-24
3.54257e+03,2.40842e-24,1.69109e-24,1.71436e-24
3.54545e+03,2.41034e-24,1.69620e-24,1.71968e-24
3.54832e+03,2.41226e-24,1.70132e-24,1.72501e-24
3.55120e+03,2.41419e-24,1.70645e-24,1.73034e-24
3.55408e+03,2.41612e-24,1.71159e-24,1.73569e-24
3.55696e+03,2.41804e-24,1.71674e-24,1.74104e-24
3.55985e+03,2.41997e-24,1.72190e-24,1.74641e-24
3.56274e+03,2.42191e-24,1.72706e-24,1.75178e-24
3.56563e+03,2.42384e-24,1.73224e-24,1.75717e-24
3.56852e+03,2.42577e-24,1.73743e-24,1.76256e-24
3.57142e+03,2.42771e-24,1.74262e-24,1.76797e-24
3.57431e+03,2.42965e-24,1.74782e-24,1.77338e-24
3.57721e+03,2.43159e-24,1.75304e-24,1.77881e-24
3.58012e+03,2.43353e-24,1.75826e-24,1.78424e-24
3.58302e+03,2.43547e-24,1.76349e-24,1.78969e-24
3.58593e+03,2.43741e-24,1.76873e-24,1.79514e-24
3.58884e+03,2.43936e-24,1.77398e-24,1.80061e-24
3.59175e+03,2.44131e-24,1.77924e-24,1.80609e-24
3.59466e+03,2.44326e-24,1.78451e-24,1.81157e-24
3.59758e+03,2.44521e-24,1.78978e-24,1.81707e-24
3.60050e+03,2.44716e-24,1.79507e-24,1.82257e-24
3.60342e+03,2.44912e-24,1.80037e-24,1.82809e-24
3.60634e+03,2.45107e-24,1.80567e-24,1.83362e-24
3.60927e+03,2.45303e-24,1.81099e-24,1.83915e-24
3.61219e+03,2.45499e-24,1.81631e-24,1.84470e-24
3.61512e+03,2.45695e-24,1.82164e-24,1.85026e-24
3.61806e+03,2.45891e-24,1.82699e-24,1.85582e-24
3.62099e+03,2.46088e-24,1.83234e-24,1.86140e-24
3.62393e+03,2.46284e-24,1.83770e-24,1.86699e-24
3.62687e+03,2.46481e-24,1.84307e-24,1.87259e-24
3.62981e+03,2.46678e-24,1.84845e-24,1.87820e-24
3.63276e+03,2.46875e-24,1.85384e-24,1.88382e-24
3.63570e+03,2.47072e-24,1.85924e-24,1.88945e-24
3.63865e+03,2.47270e-24,1.86465e-24,1.89509e-24
3.64161e+03,2.47467e-24,1.87007e-24,1.90074e-24
3.64456e+03,2.47665e-24,1.87549e-24,1.90640e-24
3.64752e+03,2.47863e-24,1.88093e-24,1.91207e-24
3.65048e+03,2.48061e-24,1.88638e-24,1.91775e-24
3.65344e+03,2.48259e-24,1.89183e-24,1.92344e-24
3.65640e+03,2.48458e-24,1.89730e-24,1.92914e-24
3.65937e+03,2.48656e-24,1.90277e-24,1.93485e-24
3.66234e+03,2.48855e-24,1.90826e-24,1.94058e-24
3.66531e+03,2.49054e-24,1.91375e-24,1.94631e-24
3.66828e+03,2.49253e-24,1.91925e-24,1.95205e-24
3.67126e+03,2.49452e-24,1.92477e-24,1.95781e-24
3.67423e+03,2.49652e-24,1.93029e-24,1.96357e-24
